0;0;0;0;0;0;0;0;0;0;0;0;0;0;0;0;0;0;0;0;0;0;0;0;0;0;0;0;0;0;0;0;0;0;0;0;0;0
1;0;0;0;0;0;0;8;15;144;1;0;0;1;704;36;1;0;0;0;0;0;2;1;0;0;0;0;37;6;0;4;37;24;0;0;0;0
1;1;2;0;0;0;0;2;3;21;0;0;0;0;126;9;0;0;0;0;0;0;1;0;0;0;0;0;9;1;0;0;9;2;0;0;0;0
1;0;4;0;0;0;0;1;2;10;0;0;0;0;68;2;0;0;0;0;0;0;0;0;0;0;0;0;3;0;0;0;3;0;0;0;0;0
1;1;2;0;0;0;0;0;4;12;0;0;0;0;64;4;0;0;0;0;0;0;0;0;0;0;0;0;4;0;0;0;4;1;0;0;0;0
1;0;2;0;0;0;0;3;5;59;0;0;0;0;342;18;1;0;0;0;0;0;0;0;0;0;0;0;27;6;0;0;27;4;0;0;0;0
1;0;2;0;0;0;0;24;19;60;1;0;0;0;611;11;7;0;0;0;0;0;2;0;0;1;0;0;18;1;0;0;18;9;0;0;0;0
1;0;2;0;0;0;0;15;4;61;0;0;0;0;294;18;0;0;0;0;0;0;1;0;0;0;0;0;22;3;0;0;22;9;0;0;0;0
1;1;0;0;0;0;0;10;4;28;0;0;0;0;227;5;2;0;0;0;1;0;1;0;0;1;0;0;10;1;0;0;10;4;0;0;0;0
1;1;1;0;0;0;0;2;5;45;0;0;0;0;310;12;1;0;0;0;0;0;0;0;0;0;0;0;12;1;0;1;12;6;0;0;0;0
1;0;2;0;0;0;0;2;7;61;1;0;0;0;300;21;2;0;0;0;0;0;2;0;0;0;0;0;31;3;0;0;31;7;0;0;0;0
0;1;2;0;0;0;0;3;4;31;0;0;0;0;129;6;0;0;0;0;0;0;0;0;0;0;0;0;6;2;0;0;6;4;0;0;0;0
1;0;0;0;0;0;0;0;2;14;0;0;0;0;65;4;1;0;0;0;0;0;2;0;0;0;0;0;5;1;0;0;5;1;0;0;0;0
1;0;0;0;0;0;0;31;47;354;3;0;0;0;2108;113;12;0;0;0;0;0;5;0;0;0;0;0;115;26;0;3;115;55;0;0;0;0
1;0;0;0;0;0;0;13;25;130;0;0;0;1;722;46;6;0;0;0;0;0;1;0;0;0;0;0;44;10;0;0;44;13;0;0;0;0
1;1;2;0;0;0;0;2;5;42;0;0;0;0;199;12;3;0;0;0;0;0;0;0;0;0;0;0;16;3;0;0;16;9;0;0;0;0
0;1;2;0;0;0;0;3;4;31;0;0;0;0;129;6;0;0;0;0;0;0;0;0;0;0;0;0;6;2;0;0;6;4;0;0;0;0
1;1;2;0;0;0;0;20;35;268;0;0;0;0;1341;77;8;0;0;0;0;0;2;0;0;0;0;0;91;9;0;1;91;31;0;0;0;0
1;0;2;0;0;0;0;3;11;70;0;0;0;0;273;18;2;0;0;0;0;0;2;0;0;0;0;0;19;5;0;1;19;5;0;0;0;0
1;1;2;0;0;0;0;0;4;24;0;0;0;0;103;18;1;0;0;0;0;0;0;0;0;0;0;0;13;0;0;0;13;3;0;0;0;0
1;1;2;0;0;0;0;1;2;24;0;0;0;0;103;14;0;0;0;0;0;0;0;0;0;0;0;0;17;0;0;0;17;2;0;0;0;0
1;0;2;0;0;0;0;15;17;94;1;0;0;0;460;29;1;0;0;0;0;0;0;0;0;0;0;0;31;8;0;0;31;11;0;0;0;0
1;0;2;0;0;0;0;2;4;24;0;0;0;0;142;5;0;0;0;0;0;0;0;0;0;0;0;0;7;1;0;0;7;4;0;0;0;0
1;1;1;0;0;0;0;3;7;35;0;0;0;0;245;5;0;0;0;0;0;0;0;0;0;0;0;0;10;3;0;0;10;3;0;0;0;0
1;0;2;0;0;0;0;8;22;155;0;0;0;0;852;29;10;0;0;0;0;0;4;0;0;0;0;0;37;12;0;2;37;16;0;0;0;0
1;0;2;0;0;0;0;16;27;197;1;0;0;0;1087;81;7;0;0;0;0;0;6;0;1;1;0;0;81;12;0;3;81;37;0;0;0;0
1;0;2;0;0;0;0;2;8;43;0;0;0;0;285;13;3;0;0;0;0;0;0;0;0;0;0;0;22;2;0;0;22;1;0;0;0;0
1;0;2;0;0;0;0;2;4;24;0;0;0;0;142;5;0;0;0;0;0;0;0;0;0;0;0;0;7;1;0;0;7;4;0;0;0;0
1;0;2;0;0;0;0;14;9;91;1;0;0;0;460;27;1;0;0;0;0;0;1;0;0;0;0;0;40;4;0;1;40;15;0;0;0;0
1;0;2;0;0;0;0;9;21;90;0;0;0;0;581;15;8;0;0;0;0;0;1;0;0;0;0;0;25;5;0;1;25;11;0;0;0;0
1;0;0;0;0;0;0;1;0;18;0;0;0;0;79;7;3;0;0;0;0;0;2;0;2;0;0;0;6;0;0;0;6;4;0;0;0;0
1;1;0;0;0;0;0;40;67;330;1;0;0;0;1774;111;20;0;0;0;0;0;8;0;0;0;0;0;122;26;0;8;122;42;0;0;0;0
1;1;2;1;0;0;0;2;14;42;0;0;0;0;191;9;1;0;0;0;0;0;0;0;0;0;0;0;13;4;0;0;13;4;0;0;0;0
1;1;2;0;0;0;0;8;14;110;2;0;0;0;448;28;5;0;0;0;0;0;1;0;0;0;0;0;37;10;0;0;37;15;0;0;0;0
1;0;0;0;0;0;0;21;28;183;0;0;0;0;1281;44;10;0;0;0;1;0;0;0;0;1;0;0;66;12;0;3;66;17;0;0;0;0
1;0;2;0;0;0;0;14;25;133;1;0;0;0;568;53;2;0;0;0;0;0;2;0;0;0;0;0;66;6;0;1;66;15;0;0;0;0
1;0;2;0;0;0;0;1;1;7;0;0;0;0;50;5;0;0;0;0;0;0;1;0;0;0;0;0;3;0;0;0;3;1;0;0;0;0
1;1;2;1;0;0;0;2;14;42;0;0;0;0;191;9;1;0;0;0;0;0;0;0;0;0;0;0;13;4;0;0;13;4;0;0;0;0
1;0;2;0;0;0;0;2;6;46;0;0;0;0;203;13;2;0;0;0;0;0;3;0;0;0;0;0;14;8;0;0;14;5;0;0;0;0
1;0;0;0;0;0;0;12;31;169;1;0;0;0;1051;34;7;0;0;0;0;0;4;0;0;0;0;0;48;16;0;1;48;15;0;0;0;0
0;1;2;0;0;0;0;0;2;19;0;0;0;0;76;3;0;0;0;0;0;0;0;0;0;0;0;0;4;0;0;0;3;4;0;0;0;0
1;1;2;0;0;0;0;2;7;31;0;0;0;0;85;10;0;0;0;0;0;0;0;0;0;0;0;0;12;1;0;1;12;1;0;0;0;0
1;0;0;0;0;0;0;14;16;135;0;0;0;0;903;52;8;0;0;0;0;0;3;0;0;0;0;0;53;4;0;1;53;16;0;0;0;0
1;0;2;0;0;0;0;4;9;80;0;0;0;0;333;26;0;0;0;0;0;0;1;0;0;0;0;0;33;1;0;0;33;10;0;0;0;0
1;1;1;0;0;0;0;16;12;102;0;0;0;0;483;22;7;0;0;0;0;0;1;0;0;0;0;0;41;8;0;1;41;14;0;0;0;0
1;0;0;0;0;0;0;4;18;59;0;0;0;0;458;7;1;0;0;0;0;0;1;0;0;0;0;0;12;1;0;0;12;10;0;0;0;0
1;0;2;0;0;0;0;9;28;132;0;0;0;0;911;26;1;0;0;0;0;0;0;0;0;0;0;0;36;10;0;0;36;12;0;0;0;0
1;0;0;0;0;0;0;19;28;167;1;0;0;0;847;52;1;0;0;0;0;0;3;0;0;0;0;0;59;4;0;1;59;17;0;0;0;0
1;1;2;0;0;0;0;2;1;11;0;0;0;0;81;7;4;0;0;0;0;0;0;0;0;0;0;0;7;1;0;0;7;2;0;0;0;0
0;0;2;0;0;0;0;22;18;95;2;0;0;0;504;35;1;0;0;0;0;0;0;0;0;0;0;0;38;9;0;0;38;4;0;0;0;0
1;0;0;0;0;0;0;1;2;8;0;0;0;0;50;3;0;0;0;0;0;0;0;0;0;0;0;0;4;0;0;0;4;0;0;0;0;0
1;0;2;0;0;0;0;4;5;19;0;0;0;0;108;11;0;0;0;0;0;0;1;0;0;0;0;0;11;1;3;0;11;1;0;0;0;0
1;0;2;0;0;0;0;5;9;88;1;0;0;0;461;37;0;0;0;0;0;0;2;0;0;2;0;0;47;1;1;0;47;21;0;0;0;0
1;0;0;0;0;0;0;0;9;58;0;0;0;0;265;15;1;0;0;0;0;0;1;0;0;0;0;0;21;1;0;1;21;2;0;0;0;0
1;1;2;0;0;0;0;3;6;50;0;0;0;0;203;13;0;0;0;0;0;0;0;0;0;0;0;0;11;8;0;0;11;6;0;0;0;0
1;0;0;0;0;0;0;41;53;297;1;0;0;0;2216;93;17;0;0;0;0;0;2;0;0;0;0;0;107;14;0;7;107;36;0;0;0;0
1;0;2;0;0;0;0;3;14;101;0;0;0;0;454;27;4;0;0;0;0;0;0;0;0;0;0;0;37;6;0;0;37;7;0;0;0;0
1;1;2;0;0;0;0;8;26;144;0;0;0;0;825;25;6;0;0;0;0;0;4;0;0;0;0;0;40;5;0;2;40;6;0;0;0;0
1;0;0;0;0;0;0;0;2;12;0;0;0;0;83;12;0;0;0;0;0;0;0;0;0;0;0;0;11;1;0;0;11;0;0;0;0;0
1;0;0;0;0;0;0;21;50;239;2;0;0;0;1204;71;9;0;0;0;0;0;3;0;0;0;0;0;84;17;0;2;84;32;0;0;0;0
0;0;2;0;0;0;0;6;6;56;0;0;0;0;276;15;1;0;0;0;0;0;0;0;0;0;0;0;21;6;0;1;21;1;0;0;0;0
1;0;2;0;0;0;0;5;8;65;1;0;0;0;431;27;2;0;0;0;0;0;2;0;0;0;0;0;34;4;0;0;34;4;0;0;0;0
1;0;0;0;0;0;0;0;2;21;1;0;0;0;58;8;0;0;0;0;0;0;0;0;0;0;0;0;9;0;0;0;9;3;0;0;0;0
1;0;0;0;0;0;0;23;26;164;0;0;0;0;751;52;3;0;0;0;0;0;1;0;0;0;0;0;69;8;0;1;69;21;0;0;0;0
1;0;2;0;0;0;0;11;11;86;0;0;0;0;363;23;0;0;0;0;0;0;1;0;0;0;0;0;32;8;0;1;32;7;0;0;0;0
0;1;2;0;0;0;0;1;7;46;0;0;0;0;177;20;0;0;0;0;0;0;1;0;0;0;0;0;18;0;0;0;18;4;0;0;0;0
1;0;2;0;0;0;0;1;4;18;0;0;0;0;95;6;0;0;0;0;0;0;0;0;0;0;0;0;8;0;0;0;8;3;0;0;0;0
1;0;3;0;0;0;0;4;5;49;0;0;0;0;224;12;0;0;0;0;0;0;1;0;0;0;0;0;15;0;0;0;15;4;0;0;0;0
1;0;2;0;0;0;0;1;4;21;0;0;0;0;71;13;0;0;0;0;0;0;0;0;0;0;0;0;16;1;0;0;16;2;0;0;0;0
0;1;2;0;0;0;0;16;33;129;0;0;0;0;647;39;4;0;0;0;0;0;1;0;0;0;0;0;43;9;0;1;43;15;0;0;0;0
1;0;2;0;0;0;0;0;1;2;0;0;0;0;14;0;0;0;0;0;0;0;0;0;0;0;0;0;0;0;0;0;0;0;0;0;0;0
1;0;2;0;0;0;0;1;1;16;0;0;0;0;65;10;0;0;0;0;0;0;0;0;0;0;0;0;10;0;0;0;10;2;0;0;0;0
1;0;2;0;0;0;0;2;1;13;0;0;0;0;68;8;0;0;0;0;0;0;1;0;0;0;0;0;9;0;0;0;9;0;0;0;0;0
1;1;2;0;1;0;0;10;18;106;0;0;0;0;479;19;5;0;0;0;0;0;0;0;0;0;0;0;38;4;0;1;38;6;0;0;0;0
1;0;2;0;0;0;0;2;3;29;0;0;0;0;167;11;0;0;0;0;0;0;0;0;0;0;0;0;12;2;0;0;12;3;0;0;0;0
1;1;2;0;0;0;0;14;12;90;1;0;0;0;416;34;0;0;0;0;0;0;2;2;0;0;0;0;34;10;0;0;34;10;0;0;0;0
1;0;0;0;0;0;0;5;9;77;0;0;0;0;482;19;2;0;0;0;0;0;1;0;0;0;0;0;23;4;0;0;23;8;0;0;0;0
1;1;2;0;0;0;0;8;9;62;1;0;0;0;366;14;0;0;0;0;0;0;0;0;0;0;0;0;20;3;0;0;20;6;0;0;0;0
1;0;2;0;0;0;0;2;6;22;0;0;0;0;160;4;0;0;0;0;0;0;0;0;0;0;0;0;5;1;0;0;5;5;0;0;0;0
1;0;2;0;0;0;0;1;3;21;0;0;0;0;102;3;0;0;0;0;0;0;0;0;0;0;0;0;5;2;0;0;5;5;0;0;0;0
0;1;0;0;0;0;0;0;3;26;0;0;0;0;111;8;1;0;0;0;0;0;0;0;0;0;0;0;14;1;0;0;14;3;0;1;0;0
0;1;2;0;0;0;0;17;15;93;2;0;0;0;537;23;4;0;0;0;0;0;2;0;0;0;0;0;31;5;0;0;31;8;0;0;0;0
1;0;0;0;0;0;0;17;15;87;0;0;0;0;632;24;4;0;0;0;0;0;1;0;0;0;0;0;31;6;0;0;31;10;0;0;0;0
1;0;1;0;0;0;0;1;8;24;0;0;0;0;126;4;0;0;0;0;0;0;0;0;0;0;0;0;7;0;0;0;7;0;0;0;0;0
1;0;0;0;1;0;0;16;22;152;1;0;0;0;896;50;6;0;0;0;0;0;2;0;0;0;0;0;64;9;0;4;64;14;0;0;0;0
1;0;2;0;0;0;0;17;16;205;1;0;0;0;750;76;0;0;0;0;0;0;2;0;0;0;0;0;90;7;0;1;90;22;0;0;0;0
1;0;2;0;0;0;0;6;4;14;0;0;0;0;91;6;0;0;0;0;0;0;0;0;0;0;0;0;7;1;0;0;7;0;0;0;0;0
1;1;2;0;0;0;0;0;3;14;0;0;0;0;76;6;0;0;0;0;0;0;0;0;0;0;0;0;7;0;0;0;7;0;0;0;0;0
1;0;2;0;0;0;0;0;4;21;0;0;0;0;134;7;1;0;0;0;0;0;0;0;0;0;0;0;10;1;0;0;10;4;0;0;0;0
0;1;2;0;0;0;0;4;21;126;0;0;0;0;555;35;3;0;0;0;0;0;1;0;0;1;0;0;42;6;0;1;42;11;0;0;0;0
1;0;0;0;0;0;0;7;11;80;0;0;0;0;564;22;0;0;0;0;1;0;1;0;0;1;0;0;31;3;0;0;31;5;0;0;0;0
1;0;2;0;0;0;0;3;8;29;0;0;0;0;200;13;0;0;0;0;0;0;0;0;0;0;0;0;15;1;1;0;15;4;0;0;0;0
1;1;2;0;0;0;0;5;5;63;0;0;0;0;264;13;0;0;0;0;0;0;0;0;0;0;0;0;15;7;0;1;15;2;0;0;0;0
1;0;1;0;0;0;0;12;17;183;0;0;0;0;1008;48;5;0;0;0;0;0;1;0;0;1;0;0;65;9;0;1;65;23;0;0;0;0
1;0;2;0;0;0;0;15;16;126;0;0;0;0;721;48;1;0;0;0;0;0;3;0;0;0;0;0;59;2;0;1;59;21;0;0;0;0
1;0;0;0;0;0;0;5;8;39;0;0;0;0;269;16;1;0;0;0;0;0;0;0;0;0;0;0;17;5;0;0;17;5;0;0;0;0
0;0;2;0;0;0;0;3;11;42;0;0;0;0;171;6;2;0;0;0;0;0;0;0;0;0;0;0;11;1;0;0;11;3;0;0;0;0
1;0;1;0;0;0;0;1;5;18;0;0;0;0;148;6;0;0;0;0;0;0;0;0;0;0;0;0;8;0;0;0;8;0;0;0;0;0
1;0;2;0;0;1;0;8;22;91;1;0;0;0;642;22;3;0;0;0;1;0;1;0;0;1;0;0;25;1;0;0;25;9;0;0;0;0
1;1;2;0;0;0;0;0;2;17;0;0;0;0;127;5;0;0;0;0;0;0;0;0;0;0;0;0;8;0;0;0;8;0;0;0;0;0
1;0;2;0;0;0;0;8;13;159;0;0;0;0;883;92;6;0;0;0;0;0;4;0;0;1;0;0;94;3;0;3;94;28;0;0;0;0
1;0;2;0;0;0;0;1;4;23;0;0;0;0;92;8;0;0;0;0;0;0;0;0;0;0;0;0;9;0;0;0;9;2;0;0;0;0
1;0;2;0;0;0;0;14;17;92;2;0;0;0;513;25;1;0;0;0;0;0;5;0;0;0;0;0;25;4;0;1;25;16;0;0;0;0
1;0;2;0;0;0;0;33;56;443;1;0;0;0;2201;88;9;0;0;0;0;0;10;0;1;0;0;0;115;16;0;2;115;16;0;0;0;0
1;1;2;2;0;0;0;14;16;132;2;0;0;0;551;43;2;0;0;0;0;0;4;0;0;0;0;0;50;9;0;0;50;18;0;0;0;0
1;0;4;0;0;0;0;1;4;18;0;0;0;0;81;8;1;0;0;0;0;0;2;0;0;0;0;0;10;0;0;0;10;1;0;0;0;0
1;0;2;0;0;0;0;0;1;2;0;0;0;0;14;0;0;0;0;0;0;0;0;0;0;0;0;0;0;0;0;0;0;0;0;0;0;0
1;0;2;0;0;0;0;0;1;12;0;0;0;0;72;4;0;0;0;0;0;0;0;0;0;0;0;0;3;1;0;0;3;0;0;0;0;0
1;1;2;0;0;0;0;1;5;27;0;0;0;0;123;9;0;0;0;0;0;0;1;0;0;0;0;0;9;0;0;0;9;2;0;0;0;0
1;0;2;0;0;0;0;0;2;13;0;0;0;0;107;6;3;0;0;0;0;0;0;0;0;0;0;0;8;0;0;0;8;0;0;0;0;0
1;1;2;0;0;0;0;4;8;57;0;0;0;0;232;24;0;0;0;0;0;0;1;0;1;0;0;0;26;4;0;0;26;3;0;0;0;0
1;1;2;0;0;0;0;2;4;15;0;0;0;0;72;7;0;0;0;0;0;0;0;0;0;0;0;0;7;0;0;0;7;1;0;0;0;0
1;0;2;0;0;0;0;1;4;39;0;0;0;0;187;13;0;0;0;0;0;0;2;0;0;0;0;0;21;3;0;0;21;3;0;0;0;0
1;0;0;0;0;0;0;16;14;45;0;0;0;0;425;9;0;0;0;0;0;0;0;0;0;0;0;0;16;1;0;0;16;7;0;0;0;0
1;0;2;0;0;0;0;0;1;10;0;0;0;0;70;2;0;0;0;0;0;0;0;0;0;0;0;0;3;1;0;0;3;2;0;0;0;0
1;0;4;0;0;0;0;1;1;12;0;0;0;0;82;4;1;0;0;0;0;0;0;0;0;0;0;0;7;0;0;0;7;0;0;0;0;0
1;0;2;0;0;0;0;2;2;10;0;0;0;0;77;5;3;0;0;0;0;0;3;0;0;0;0;0;6;0;0;0;6;1;0;0;0;0
1;0;2;0;0;0;0;7;12;80;1;0;0;0;348;28;3;0;0;0;0;0;0;0;0;0;0;0;32;3;0;2;32;8;0;0;0;0
1;0;2;0;0;0;0;2;5;40;0;0;0;0;245;17;1;0;0;0;0;0;1;0;0;0;0;0;23;2;0;0;23;2;0;0;0;0
0;1;2;0;0;0;0;4;9;52;1;0;0;0;263;8;2;0;0;0;0;0;0;0;0;0;0;0;19;1;0;0;19;5;0;0;0;0
1;0;4;0;0;0;0;1;1;12;0;0;0;0;82;4;1;0;0;0;0;0;0;0;0;0;0;0;7;0;0;0;7;0;0;0;0;0
1;0;1;0;0;0;0;0;4;15;1;0;0;0;87;8;1;0;0;0;0;0;0;0;0;0;0;0;9;0;0;0;9;3;0;0;0;0
1;1;2;0;0;0;0;0;2;14;0;0;0;0;72;5;0;0;0;0;0;0;0;0;0;0;0;0;5;0;0;0;5;0;0;0;0;0
1;0;2;0;0;0;0;1;3;14;0;0;0;0;78;4;4;0;0;0;0;0;0;0;0;0;0;0;6;0;0;0;6;2;0;0;0;0
0;0;2;0;0;0;0;10;6;60;0;0;0;0;272;16;0;0;0;0;0;0;3;0;0;0;0;0;18;7;0;0;18;3;0;0;0;0
1;1;2;0;0;0;0;8;5;24;0;0;0;0;156;8;0;0;0;0;0;0;1;0;0;0;0;0;10;0;0;0;10;6;0;0;0;0
1;0;2;0;0;0;0;19;16;72;0;0;0;0;597;11;1;0;0;0;0;0;1;0;0;0;0;0;20;2;0;0;20;6;0;0;0;0
1;1;2;0;0;0;0;6;8;36;0;0;0;0;186;9;0;0;0;0;0;0;1;0;0;0;0;0;10;4;0;0;10;1;0;0;0;0
1;0;2;0;0;0;0;4;8;33;0;0;0;0;152;13;1;0;0;0;0;0;1;0;0;0;0;0;12;0;0;0;12;0;0;0;0;0
1;1;0;0;0;0;0;33;62;347;3;0;0;1;2052;105;8;0;0;0;0;0;3;1;0;0;0;0;144;34;0;7;144;38;0;0;0;0
1;0;2;1;0;0;0;5;7;77;0;0;0;0;269;30;0;0;0;0;0;0;1;0;0;0;0;0;37;4;0;0;37;6;0;0;0;0
1;0;2;0;0;0;0;2;6;21;0;0;0;0;130;10;0;0;0;0;0;0;0;0;0;0;0;0;9;1;0;0;9;1;0;0;0;0
1;0;2;0;0;0;0;28;51;277;2;0;0;0;1474;73;10;0;0;0;0;0;3;0;0;0;0;0;103;17;0;3;103;26;0;0;0;0
1;0;2;0;0;0;0;6;4;65;0;0;0;0;403;21;0;0;0;0;0;0;0;0;0;0;0;0;26;5;0;0;26;7;0;0;0;0
1;1;2;1;0;0;0;16;22;193;1;0;0;0;802;61;2;0;0;0;0;0;5;0;0;0;0;0;62;14;0;1;62;28;0;0;0;0
1;0;4;0;0;0;0;1;2;10;0;0;0;0;47;6;1;0;0;0;0;0;0;0;0;0;0;0;4;0;0;0;4;1;0;0;0;0
1;1;2;1;0;0;0;13;17;124;1;0;0;0;551;41;0;0;0;0;0;0;3;0;0;0;0;0;46;8;0;1;46;18;0;0;0;0
1;1;0;0;0;0;0;5;27;80;0;0;0;0;497;16;1;0;0;0;0;0;0;0;0;0;0;0;21;4;0;0;21;9;0;0;0;0
1;0;3;0;0;0;0;2;8;20;0;0;0;0;111;9;1;0;0;0;0;0;0;0;0;0;0;0;13;2;0;0;13;0;0;0;0;0
1;0;2;0;0;0;0;3;5;38;1;0;0;0;172;16;1;0;0;0;0;0;2;0;0;0;0;0;17;2;0;0;17;3;0;0;0;0
0;1;2;0;0;0;0;12;33;136;1;0;0;0;750;40;6;0;0;0;0;0;3;0;0;1;0;0;49;10;0;0;49;22;0;0;0;0
1;1;2;0;0;0;0;3;4;30;0;0;0;0;137;11;0;0;0;0;0;0;0;0;0;0;0;0;11;3;0;0;11;1;0;0;0;0
1;0;1;0;0;0;0;8;13;66;0;0;0;0;435;10;2;0;0;0;1;0;0;0;0;1;0;0;16;9;0;1;16;7;0;0;0;0
1;0;2;0;0;0;0;0;4;32;1;0;0;0;151;5;1;0;0;0;0;0;0;0;0;0;0;0;9;2;0;0;9;6;0;0;0;0
1;0;0;0;0;0;0;0;2;10;0;0;0;0;62;6;0;0;0;0;0;0;0;0;0;0;0;0;5;0;0;0;5;1;0;0;0;0
1;0;2;0;0;0;0;11;12;76;0;0;0;0;301;15;0;0;0;0;0;0;2;0;1;0;0;0;16;2;0;0;16;11;0;0;0;0
0;0;2;0;0;0;0;3;5;31;0;0;0;0;224;6;1;0;0;0;0;0;0;0;0;0;0;0;9;0;0;0;8;9;0;0;0;0
1;0;2;0;0;0;0;2;6;33;0;0;0;0;216;10;3;0;0;0;1;0;1;0;0;1;0;0;11;6;0;1;11;5;0;0;0;0
1;1;2;0;0;0;0;3;3;55;0;0;0;0;216;14;0;0;0;0;0;0;0;0;0;0;0;0;23;4;0;0;23;6;0;0;0;0
1;0;2;0;0;0;0;1;4;28;0;0;0;0;101;13;0;0;0;0;0;0;1;0;0;0;0;0;12;2;0;0;12;1;0;0;0;0
1;1;2;0;0;0;0;9;12;76;0;0;0;0;393;23;3;0;0;0;0;0;2;0;0;0;0;0;25;4;0;0;25;2;0;0;0;0
1;0;2;0;0;0;0;1;8;121;0;0;0;0;388;52;1;0;0;0;0;0;1;0;0;0;0;0;65;4;0;0;65;9;0;0;0;0
1;0;2;0;0;0;0;2;4;30;0;0;0;0;157;10;0;0;0;0;0;0;0;0;0;0;0;0;19;1;0;1;19;0;0;0;0;0
1;1;2;0;0;0;0;1;10;58;0;0;0;0;268;17;0;0;0;0;0;0;0;0;0;0;0;0;28;5;0;0;28;6;0;0;0;0
1;1;0;0;0;0;0;1;6;44;0;0;0;0;203;11;1;0;0;0;0;0;0;0;0;0;0;0;14;1;0;0;14;3;0;0;0;0
1;0;2;0;0;0;0;1;12;68;0;0;0;0;249;23;2;0;0;0;0;0;2;0;0;0;0;0;27;3;0;0;27;7;0;0;0;0
1;1;2;0;0;0;0;9;17;108;0;0;0;0;484;27;6;0;0;0;0;0;1;0;0;0;0;0;31;8;0;4;31;13;0;0;0;0
1;1;2;0;0;0;0;1;3;24;0;0;0;0;109;9;0;0;0;0;0;0;1;0;0;0;0;0;10;0;0;0;10;5;0;0;0;0
1;0;2;0;0;0;0;0;4;22;0;0;0;0;99;7;0;0;0;0;0;0;0;0;0;0;0;0;9;0;0;0;9;0;0;0;0;0
1;0;2;0;0;0;0;1;4;28;0;0;0;0;105;5;0;0;0;0;0;0;0;0;0;0;0;0;7;1;0;0;7;5;0;0;0;0
1;1;2;0;0;0;0;3;8;80;0;0;0;0;391;18;1;0;0;0;0;0;0;0;0;0;0;0;23;4;0;0;23;6;0;0;0;0
0;1;2;0;0;0;0;4;6;42;0;0;0;0;187;18;0;0;0;0;0;0;0;0;0;0;0;0;17;3;0;0;17;6;0;0;0;0
1;1;2;1;0;0;0;9;17;120;2;0;0;0;619;37;0;0;0;0;0;0;4;0;0;0;0;0;47;8;0;1;47;17;0;0;0;0
1;0;2;0;0;0;0;23;19;140;0;0;0;0;929;36;3;0;0;0;0;0;1;0;0;0;0;0;50;8;0;1;50;11;0;0;0;0
1;0;2;0;0;0;0;4;17;82;1;0;0;0;331;33;1;0;0;0;0;0;3;0;0;0;0;0;39;7;0;0;39;7;0;0;0;0
1;0;2;0;0;0;0;5;11;63;0;0;0;0;382;12;0;0;0;0;0;0;1;0;0;0;0;0;16;7;0;0;16;4;0;0;0;0
1;1;2;0;0;0;0;2;6;40;0;0;0;0;156;11;0;0;0;0;0;0;2;0;0;0;0;0;9;1;0;0;9;6;0;0;0;0
1;1;2;0;0;0;0;0;2;12;0;0;0;0;61;2;1;0;0;0;0;0;0;0;0;0;0;0;4;1;0;0;4;1;0;0;0;0
1;0;2;0;0;0;0;9;4;44;0;0;0;0;167;12;0;0;0;0;0;0;0;0;0;0;0;0;15;5;0;0;15;3;0;0;0;0
1;1;2;0;0;0;0;7;27;87;0;0;0;1;583;24;3;0;0;0;0;0;0;0;0;0;0;0;31;6;0;1;31;15;0;0;0;0
1;0;2;0;0;0;0;3;7;86;0;0;0;0;311;33;1;0;0;0;0;0;0;0;0;0;0;0;39;5;0;2;39;7;0;0;0;0
1;0;2;0;0;0;0;1;4;52;0;0;0;0;235;21;0;0;0;0;0;0;1;0;0;0;0;0;29;3;0;0;29;3;0;0;0;0
0;1;2;0;0;0;0;8;6;45;0;0;0;0;195;14;1;0;0;0;0;0;0;0;0;0;0;0;20;5;0;0;20;2;0;0;0;0
1;1;2;0;0;0;0;3;9;72;2;0;0;0;411;41;4;0;0;0;0;0;1;0;0;0;0;0;45;4;0;0;45;5;0;0;0;0
0;0;2;0;0;0;0;2;5;24;0;0;0;0;122;4;0;0;0;0;0;0;0;0;0;0;0;0;7;0;0;0;7;0;0;0;0;0
1;1;2;0;0;0;0;3;6;18;0;0;0;0;147;4;0;0;0;0;0;0;0;0;0;0;0;0;5;0;0;1;5;1;0;0;0;0
1;0;1;0;0;0;0;19;27;153;1;0;0;0;783;37;1;0;0;0;0;0;2;0;0;0;0;0;44;17;0;1;44;9;0;0;0;0
1;1;0;0;0;0;0;0;2;11;0;0;0;0;66;4;0;0;0;0;0;0;0;0;0;0;0;0;5;0;0;0;5;0;0;0;0;0
0;0;2;0;0;0;0;8;23;245;0;0;0;0;919;86;4;0;0;0;0;0;3;0;0;0;0;0;108;12;0;0;108;31;0;0;0;0
0;0;2;0;0;0;0;2;10;49;0;0;0;0;140;14;2;0;0;0;0;0;3;0;0;0;0;0;15;2;0;0;15;2;0;0;0;0
1;1;2;0;0;0;0;0;1;21;0;0;0;0;67;6;4;0;0;0;0;0;1;0;0;0;0;0;6;1;0;0;6;4;0;0;0;0
1;0;2;0;0;0;0;23;20;132;0;0;0;0;653;62;3;0;0;0;0;0;1;0;0;0;0;0;63;6;0;0;63;9;0;0;0;0
1;1;0;0;0;0;0;4;27;97;0;0;0;0;522;30;4;0;0;0;0;0;2;0;0;0;0;0;33;10;0;0;33;7;0;0;0;0
1;1;2;0;0;0;0;5;13;75;1;0;0;0;366;19;1;0;0;0;0;0;0;0;0;0;0;0;28;5;0;0;28;14;0;0;0;0
1;0;2;0;0;0;0;2;5;47;1;0;0;0;150;18;0;0;0;0;0;0;0;0;0;0;0;0;19;2;0;1;19;5;0;0;0;0
1;0;2;0;0;0;0;2;6;27;0;0;0;0;137;8;0;0;0;0;0;0;0;0;0;0;0;0;8;0;0;0;8;4;0;0;0;0
1;0;2;0;0;0;0;7;11;108;0;0;0;0;470;30;1;0;0;0;0;0;4;0;0;0;0;0;39;12;0;0;39;10;0;0;0;0
1;1;2;0;0;0;0;0;1;14;0;0;0;0;81;8;1;0;0;0;0;0;0;0;0;0;0;0;8;0;0;0;8;2;0;0;0;0
1;1;2;0;0;0;0;15;13;94;1;0;0;0;421;13;1;0;0;0;0;0;3;0;0;0;0;0;21;0;0;0;21;8;0;0;0;0
1;1;2;0;0;0;0;2;11;60;0;0;0;0;262;19;0;0;0;0;0;0;1;0;0;0;0;0;23;3;0;0;23;5;0;0;0;0
1;1;2;1;0;0;0;3;10;72;2;0;0;0;286;28;0;0;0;0;0;0;1;0;0;0;0;0;33;8;0;1;33;10;0;0;0;0
1;1;2;0;0;0;0;2;12;68;0;0;0;0;340;16;0;0;0;0;0;0;0;0;0;0;0;0;27;4;0;0;27;9;0;0;0;0
1;0;2;0;0;0;0;3;10;51;0;0;0;0;233;16;0;0;0;0;0;0;0;0;0;0;0;0;17;3;0;1;17;5;0;0;0;0
1;0;2;0;0;0;0;2;3;17;0;0;0;0;88;6;0;0;0;0;0;0;0;0;0;0;0;0;9;2;0;0;9;0;0;0;0;0
1;1;0;0;0;0;0;29;51;222;1;0;0;0;1153;46;13;0;0;0;1;0;10;0;0;1;0;0;72;18;0;0;72;23;0;0;0;0
0;1;;0;0;0;0;1;4;47;1;0;0;0;255;20;0;0;0;0;0;0;0;0;0;0;0;0;18;4;0;0;18;4;0;0;0;0
1;1;;0;0;0;0;4;16;77;0;0;0;0;356;15;7;0;0;0;0;0;1;0;0;0;0;0;22;8;0;0;22;11;0;0;0;0
1;1;;0;0;0;0;12;9;49;0;0;0;0;250;21;0;0;0;0;0;0;0;0;0;0;0;0;24;6;0;0;24;5;0;0;0;0
1;0;;0;0;0;0;0;2;14;0;0;0;0;69;3;0;0;0;0;0;0;0;0;0;0;0;0;4;0;0;0;4;1;0;0;0;0
1;0;;0;0;0;0;13;23;159;0;0;0;0;1016;47;3;0;0;0;0;0;3;0;0;0;0;0;69;9;3;2;69;16;0;0;0;0
0;0;;2;0;0;0;2;12;157;0;0;0;0;614;51;1;0;0;0;0;0;7;0;0;0;0;0;65;19;0;0;65;7;0;0;0;0
0;0;;0;0;0;0;5;6;25;0;0;0;0;133;3;1;0;0;0;0;0;0;0;0;0;0;0;9;1;0;0;9;1;0;0;0;0
1;0;;0;0;0;0;0;10;56;0;0;0;0;260;16;1;0;0;0;0;0;0;0;0;0;0;0;19;8;0;0;19;4;0;0;0;0
1;1;;0;0;0;0;2;9;28;0;0;0;0;203;13;0;0;0;0;0;0;0;0;0;0;0;0;12;0;0;0;12;3;0;0;0;0
0;0;;0;0;0;0;1;6;25;0;0;0;0;106;7;0;0;0;0;0;0;0;0;0;0;0;0;9;0;0;0;9;1;0;0;0;0
1;1;;1;0;0;0;9;14;124;1;0;0;0;593;34;0;0;0;0;0;0;5;0;0;0;0;0;42;11;0;0;42;20;0;0;0;0
1;1;0;0;0;0;0;3;9;38;0;0;0;0;246;11;0;0;0;0;0;0;1;0;0;0;0;0;15;2;0;0;15;3;0;0;0;0
1;1;;0;0;0;0;4;5;55;0;0;0;0;296;10;0;0;0;0;0;0;1;1;0;0;0;0;11;4;0;0;11;8;0;0;0;0
1;0;;0;0;0;0;0;5;14;0;0;0;0;86;6;1;0;0;0;0;0;0;0;0;0;0;0;7;0;0;0;7;0;0;0;0;0
1;0;;0;0;0;0;2;5;41;0;0;0;0;168;12;0;0;0;0;0;0;0;0;0;0;0;0;15;1;0;0;15;6;0;0;0;0
1;0;0;0;0;0;0;18;23;95;0;0;0;1;670;26;3;0;0;0;0;0;2;0;0;0;0;0;30;4;0;1;30;8;0;0;0;0
0;1;;0;0;0;0;2;6;87;0;0;0;0;367;16;2;0;0;0;0;0;0;0;0;0;0;0;18;6;0;0;18;7;0;0;0;0
1;0;;0;0;0;0;5;9;62;0;0;0;0;227;11;0;0;0;0;0;0;1;0;0;0;0;0;13;1;0;0;13;5;0;0;0;0
0;0;;0;0;0;0;0;7;43;0;0;0;0;179;12;2;0;0;0;0;0;1;0;0;0;0;0;15;1;0;0;15;2;0;0;0;0
0;1;;1;0;0;0;1;4;31;0;0;0;0;135;10;0;0;0;0;0;0;0;0;0;0;0;0;9;3;0;0;9;2;0;0;0;0
1;0;;0;0;0;0;14;25;124;0;0;0;0;748;40;3;0;0;0;0;0;4;0;0;0;0;0;55;15;0;0;55;14;0;0;0;0
1;0;;0;0;0;0;10;29;113;0;0;0;0;608;23;6;0;0;0;1;0;2;0;0;1;0;0;29;7;0;0;29;11;0;0;0;0
1;0;;0;0;0;0;28;39;173;1;0;0;0;981;36;8;0;0;0;0;0;3;0;0;1;0;0;49;15;0;1;49;10;0;0;0;0
1;0;;0;0;0;0;22;38;230;0;0;0;0;1159;54;3;0;0;0;0;0;3;0;0;0;0;0;69;12;0;0;69;21;0;0;0;0
1;1;;0;0;0;0;2;4;16;0;0;0;0;72;6;0;0;0;0;0;0;0;0;0;0;0;0;7;1;0;0;7;1;0;0;0;0
1;0;;0;0;0;0;2;2;23;0;0;0;0;130;10;1;0;0;0;0;0;0;0;0;0;0;0;14;0;0;0;14;0;0;0;0;0
1;1;;0;0;0;0;1;1;15;0;0;0;0;87;3;4;0;0;0;0;0;0;0;0;0;0;0;3;2;0;0;3;0;0;0;0;0
1;0;;0;0;0;0;7;14;68;0;0;0;0;373;17;2;0;0;0;0;0;1;0;0;0;0;0;27;4;0;0;27;9;0;0;0;0
1;0;;0;0;0;0;11;16;90;0;0;0;1;456;17;5;0;0;0;0;0;1;0;0;0;0;0;33;7;0;0;33;6;0;0;0;0
1;0;;0;0;0;0;37;49;278;1;0;0;0;1523;50;7;0;0;0;0;0;0;0;0;0;0;0;85;14;0;0;85;32;0;0;0;0
1;1;;0;0;0;0;3;8;68;1;0;0;0;312;17;0;0;0;0;0;0;1;0;1;0;0;0;20;6;0;0;20;7;0;0;0;0
1;1;;0;0;0;0;1;1;9;0;0;0;0;69;4;1;0;0;0;0;0;0;0;0;0;0;0;4;0;0;0;4;0;0;0;0;0
1;0;;0;0;0;0;0;2;8;0;0;0;0;64;5;0;0;0;0;0;0;0;0;0;0;0;0;6;0;0;0;6;0;0;0;0;0
1;0;;0;0;0;0;10;10;111;0;0;0;0;614;35;9;0;0;0;0;0;1;1;0;0;0;0;42;5;0;0;42;11;0;0;0;0
1;1;;0;0;0;0;1;1;23;0;0;0;0;103;14;0;0;0;0;0;0;0;0;0;0;0;0;13;2;0;0;13;1;0;0;0;0
1;1;;0;0;0;0;1;5;50;0;0;0;0;222;15;1;0;0;0;0;0;0;0;0;0;0;0;19;0;0;0;19;5;0;0;0;0
0;0;;0;0;0;0;1;3;31;0;0;0;0;109;6;1;0;0;0;0;0;1;0;0;0;0;0;7;0;0;0;7;1;0;0;0;0
0;1;;0;0;0;0;3;4;20;0;0;0;0;118;8;1;0;0;0;0;0;1;0;0;0;0;0;8;0;0;0;8;2;0;0;0;0
1;0;;0;0;0;0;8;17;100;0;0;0;0;456;12;3;0;0;0;0;0;2;0;0;0;0;0;20;6;0;0;20;12;0;0;0;0
1;0;;0;0;0;0;4;7;36;0;0;0;0;168;9;1;0;0;0;0;0;0;0;0;0;0;0;16;1;0;0;16;3;0;0;0;0
1;0;;0;0;0;0;1;10;40;0;0;0;0;228;15;0;0;0;0;0;0;0;0;0;0;0;0;18;0;0;0;18;1;0;0;0;0
1;1;;0;0;0;0;3;8;56;0;0;0;0;241;10;0;0;0;0;0;0;2;0;0;0;0;0;12;7;0;0;12;6;0;0;0;0
1;0;;0;0;0;0;4;12;50;0;0;0;0;275;9;2;0;0;0;0;0;0;0;0;0;0;0;12;1;0;0;12;12;0;0;0;0
1;0;;0;0;0;0;1;4;40;0;0;0;0;167;10;1;0;0;0;0;0;1;0;0;0;0;0;11;3;0;0;11;5;0;0;0;0
1;0;;0;0;0;0;52;52;281;5;0;0;0;1280;82;7;0;0;0;0;0;3;0;0;0;0;0;108;23;0;0;108;38;0;0;0;0
1;1;;1;0;0;0;3;5;64;1;0;0;0;279;19;0;0;0;0;0;0;1;0;0;0;0;0;26;6;0;0;26;10;0;0;0;0
1;0;;0;0;0;0;3;8;59;0;0;0;0;283;19;3;0;0;0;0;0;2;0;0;0;0;0;20;4;0;0;20;8;0;0;0;0
1;0;;0;0;0;0;2;9;52;1;0;0;0;229;14;1;0;0;0;0;0;1;0;0;1;0;0;15;2;0;0;15;9;0;0;0;0
0;0;;0;0;0;0;1;1;13;0;0;0;0;93;5;2;0;0;0;0;0;0;0;0;0;0;0;7;2;0;0;7;0;0;0;0;0
1;0;;0;0;0;0;0;2;10;0;0;0;0;60;5;1;0;0;0;0;0;0;0;0;0;0;0;6;0;0;0;6;2;0;0;0;0
1;0;;0;0;0;0;16;45;167;0;0;0;0;1085;41;5;0;0;0;0;0;1;0;0;0;0;0;51;10;0;1;51;14;0;0;0;0
1;1;;0;0;0;0;5;11;61;0;0;0;0;311;30;1;0;0;0;0;0;0;0;0;0;0;0;30;7;0;0;30;4;0;0;0;0
1;1;;0;0;0;0;5;6;25;0;0;0;0;197;15;0;0;0;0;0;0;0;0;0;0;0;0;21;2;0;0;21;0;0;0;0;0
1;1;;0;0;0;0;11;9;78;0;0;0;0;575;21;4;0;0;0;1;0;6;0;0;1;0;0;26;3;0;0;26;10;0;0;0;0
1;1;;0;0;0;0;15;16;105;0;0;0;0;489;24;5;0;0;0;0;0;3;0;1;0;0;0;27;6;0;2;27;11;0;0;0;0
0;0;;0;0;0;0;0;3;39;0;0;0;0;122;11;2;0;0;0;0;0;2;0;0;0;0;0;14;1;0;0;14;1;0;0;0;0
1;1;;0;0;0;0;42;45;295;0;0;0;0;1728;79;8;0;0;0;0;0;15;0;1;0;0;0;91;15;0;1;91;41;0;0;0;0
1;0;;0;0;0;0;0;2;13;0;0;0;0;73;6;0;0;0;0;0;0;0;0;0;0;0;0;6;0;0;0;6;0;0;0;0;0
1;1;;0;0;0;0;3;7;37;0;0;0;0;157;14;0;0;0;0;0;0;1;0;0;0;0;0;18;1;0;0;18;1;0;0;0;0
1;0;;0;0;0;0;3;12;86;0;0;0;0;430;26;0;0;0;0;0;0;1;1;0;0;0;0;31;5;0;1;31;15;0;0;0;0
1;0;;0;0;0;0;23;36;244;0;0;0;0;1693;59;3;0;0;0;0;0;5;0;0;1;0;0;82;17;1;2;82;24;0;0;0;0
1;0;;0;0;0;0;10;39;214;1;0;0;0;1058;54;14;0;0;0;1;0;0;0;0;1;0;0;68;13;0;0;68;26;0;0;0;0
0;1;;0;0;0;0;5;9;40;0;0;0;0;179;9;1;0;0;0;0;0;0;0;0;0;0;0;12;2;0;0;12;2;0;0;0;0
1;0;;0;0;0;0;0;2;13;0;0;0;0;68;3;0;0;0;0;0;0;0;0;0;0;0;0;5;0;0;0;5;1;0;0;0;0
1;0;;0;0;0;0;7;5;59;1;0;0;0;239;19;1;0;0;0;0;0;0;0;0;0;0;0;19;3;0;0;19;8;0;0;0;0
1;1;;0;0;0;0;8;11;98;0;0;0;0;514;29;4;0;0;0;0;0;1;0;0;0;0;0;38;6;0;0;38;6;0;0;0;0
1;0;;0;0;0;0;1;8;24;0;0;0;0;78;10;0;0;0;0;0;0;0;0;0;0;0;0;6;0;0;0;6;3;0;0;0;0
1;1;;0;0;0;0;2;6;16;0;0;0;0;94;6;0;0;0;0;0;0;0;0;0;0;0;0;5;0;0;0;5;2;0;0;0;0
0;1;;0;0;0;0;1;2;34;0;0;0;0;131;9;0;0;0;0;0;0;1;0;0;0;0;0;12;1;0;0;12;4;0;0;0;0
1;0;;0;0;0;0;1;3;12;0;0;0;0;67;4;0;0;0;0;0;0;0;0;0;0;0;0;6;0;0;0;6;0;0;0;0;0
1;0;;0;0;0;0;19;27;177;2;0;0;0;855;63;7;0;0;0;0;0;1;0;0;0;0;0;66;10;0;1;66;22;0;0;0;0
1;1;;0;0;0;0;12;12;91;0;0;0;0;377;42;3;0;0;0;0;0;0;0;0;1;0;0;43;7;0;0;43;5;0;0;0;0
1;1;;0;0;0;0;2;11;66;0;0;0;0;408;13;3;0;0;0;0;0;1;0;0;0;0;0;17;6;0;0;17;4;0;0;0;0
1;0;;0;0;0;0;1;9;44;0;0;0;0;177;21;0;0;0;0;0;0;0;0;0;0;0;0;23;1;0;2;23;2;0;0;0;0
1;1;;0;0;0;0;27;21;83;0;0;0;0;699;13;0;0;0;0;0;0;0;0;0;0;0;0;18;3;0;0;18;9;0;0;0;0
1;0;;0;0;0;0;2;7;30;0;0;0;0;192;8;3;0;0;0;0;0;0;0;0;0;0;0;12;1;0;0;12;4;0;0;0;0
1;1;;0;0;0;0;2;2;8;0;0;0;0;95;2;2;0;0;0;0;0;0;0;0;0;0;0;4;1;0;0;4;1;0;0;0;0
1;0;;0;0;0;0;5;7;48;0;0;0;0;307;21;1;0;0;0;0;0;2;0;0;0;0;0;25;3;0;2;25;6;0;0;0;0
0;0;;2;0;0;0;24;26;165;0;0;0;0;783;44;3;0;0;0;0;0;1;1;0;0;0;0;58;9;0;0;58;6;0;0;0;0
1;1;;0;0;0;0;9;17;101;0;0;0;0;542;29;2;0;0;0;0;0;1;0;0;0;0;0;39;8;0;4;39;8;0;0;0;0
1;0;;0;0;0;0;4;8;50;1;0;0;0;298;13;3;0;0;0;0;0;0;0;0;0;0;0;18;3;0;0;18;5;0;0;0;0
1;0;;0;0;0;0;4;8;51;1;0;0;0;301;13;3;0;0;0;0;0;0;0;0;0;0;0;18;2;0;0;18;5;0;0;0;0
1;1;;0;0;0;0;4;7;29;0;0;0;0;98;13;0;0;0;0;0;0;0;0;0;0;0;0;14;0;0;0;14;3;0;0;0;0
0;0;;0;0;0;0;2;8;93;0;0;0;0;294;28;0;0;0;0;0;0;1;0;0;0;0;0;32;6;0;0;32;7;0;0;0;0
1;0;;0;0;0;0;3;9;62;1;0;0;0;556;15;6;0;0;0;1;0;0;0;0;1;0;0;22;6;0;1;22;5;0;0;0;0
1;0;;0;0;0;0;15;19;151;0;0;0;0;734;37;11;0;0;0;0;0;5;0;0;0;0;0;48;10;0;0;48;15;0;0;0;0
1;0;;0;0;0;0;13;17;58;2;0;0;0;376;21;1;0;0;0;1;0;1;0;0;1;0;0;26;3;0;0;26;6;0;0;0;0
1;1;;0;0;0;0;2;6;18;0;0;0;0;147;5;2;0;0;0;0;0;0;0;0;0;0;0;8;0;0;0;8;2;0;0;0;0
0;0;;0;0;0;0;4;7;89;0;0;0;0;260;23;0;0;0;0;0;0;1;0;0;0;0;0;26;6;0;0;26;9;0;0;0;0
1;1;;0;0;0;0;26;27;118;0;0;0;0;633;37;3;0;0;0;0;0;3;1;0;0;0;0;48;9;0;1;48;10;0;0;0;0
1;0;;0;0;0;0;24;57;412;0;0;0;0;1917;119;9;0;0;0;0;0;6;0;0;1;0;0;149;19;0;3;149;57;0;0;0;0
0;0;;0;0;0;0;5;12;83;1;0;0;0;458;41;4;0;0;0;0;0;0;0;0;0;0;0;51;2;0;1;51;11;0;0;0;0
1;0;;0;0;0;0;2;7;34;0;0;0;0;286;5;3;0;0;0;0;0;0;0;0;0;0;0;8;1;0;1;8;1;0;0;0;0
1;1;;2;0;0;0;12;29;220;4;0;0;0;1138;71;3;0;0;0;1;0;5;0;0;1;0;0;91;16;0;0;91;26;0;0;0;0
1;0;;0;0;0;0;21;34;296;0;0;0;0;1280;76;9;0;0;0;0;0;7;0;0;2;0;0;102;31;0;2;102;38;0;0;0;0
0;1;;0;0;0;0;2;3;23;0;0;0;0;110;10;0;0;0;0;0;0;0;0;0;0;0;0;11;0;0;0;11;1;0;0;0;0
1;1;;0;0;0;0;17;36;198;0;0;0;0;1272;44;10;0;0;0;0;0;6;0;0;0;0;0;72;17;0;0;72;27;0;0;0;0
1;0;;0;0;0;0;2;2;7;0;0;0;0;78;4;0;0;0;0;0;0;0;0;0;0;0;0;4;0;0;0;4;1;0;0;0;0
0;1;;1;0;0;0;6;14;94;0;0;0;0;512;27;2;0;0;0;0;0;1;1;0;0;0;0;32;7;0;2;32;14;0;0;0;0
1;1;;0;0;0;0;11;25;127;1;0;0;0;729;49;2;0;0;0;0;0;0;0;0;0;0;0;64;9;0;4;64;4;0;0;0;0
1;0;;0;0;0;0;8;8;71;1;0;0;0;367;21;2;0;0;0;0;0;2;0;0;0;0;0;22;5;0;0;22;13;0;0;0;0
0;0;;0;0;0;0;2;11;73;2;0;0;0;269;26;1;0;0;0;0;0;0;0;0;0;0;0;31;1;0;0;31;6;0;0;0;0
1;0;;0;0;0;0;1;4;41;0;0;0;0;192;6;1;0;0;0;0;0;1;0;0;0;0;0;9;4;0;0;9;3;0;0;0;0
1;0;;0;0;0;0;1;6;56;2;0;0;0;282;22;1;0;0;0;0;0;0;0;0;0;0;0;36;2;0;0;36;5;0;0;0;0
1;1;;0;0;0;0;0;1;16;0;0;0;0;109;3;2;0;0;0;0;0;0;0;0;0;0;0;5;0;0;0;5;0;0;0;0;0
1;0;;0;0;0;0;3;7;83;0;0;0;0;350;41;1;0;0;0;0;0;0;0;0;0;0;0;43;7;0;1;43;6;0;0;0;0
1;1;;0;0;0;0;3;9;55;0;0;0;0;240;15;1;0;0;0;0;0;1;0;0;0;0;0;22;5;0;1;22;4;0;0;0;0
1;0;;0;0;0;0;4;8;96;0;0;0;0;412;17;1;0;0;0;0;0;2;0;0;0;0;0;29;5;0;0;29;10;0;0;0;0
0;0;;0;0;0;0;0;5;30;0;0;0;1;100;11;0;0;0;0;0;0;2;0;0;0;0;0;12;1;0;0;12;0;0;0;0;0
0;0;;0;0;0;0;0;5;24;0;0;0;1;98;7;0;0;0;0;0;0;2;0;0;0;0;0;9;1;0;0;9;2;0;0;0;0
0;1;;0;0;0;0;2;3;19;0;0;0;0;105;7;1;0;0;0;0;0;1;0;0;0;0;0;9;0;0;0;9;4;0;0;0;0
1;1;;0;0;0;0;13;12;66;0;0;0;0;377;15;5;0;0;0;0;0;0;0;0;0;0;0;29;4;0;0;29;9;0;0;0;0
1;0;;0;0;0;0;8;17;103;0;0;0;0;504;26;5;0;0;0;0;0;1;0;0;0;0;0;43;7;0;0;43;11;0;0;0;0
1;0;;0;0;0;0;1;2;14;0;0;0;0;110;6;3;0;0;0;0;0;0;0;0;0;0;0;8;0;0;0;8;0;0;0;0;0
1;1;;0;0;0;0;3;8;70;0;0;0;0;269;16;4;0;0;0;0;0;0;0;0;0;0;0;20;9;0;0;20;10;0;0;0;0
1;1;;0;0;0;0;1;7;57;0;0;0;0;244;20;1;0;0;0;0;0;0;0;0;0;0;0;32;2;0;1;32;0;0;0;0;0
1;1;;0;0;0;0;1;10;52;1;0;0;0;251;22;0;0;0;0;0;0;3;0;0;0;0;0;26;4;0;0;26;8;0;0;0;0
1;0;;0;0;0;0;1;7;16;0;0;0;0;96;3;0;0;0;0;0;0;0;0;0;0;0;0;4;1;0;0;4;2;0;0;0;0
1;1;;0;0;0;0;2;2;11;0;0;0;0;65;4;0;0;0;0;0;0;0;0;0;0;0;0;3;0;0;0;3;1;0;0;0;0
0;1;;0;0;0;0;3;17;59;0;0;0;0;249;18;0;0;0;0;0;0;0;0;0;0;0;0;21;3;0;0;21;7;0;0;0;0
1;0;;0;0;0;0;3;8;72;0;0;0;0;344;25;2;0;0;0;0;0;1;0;0;0;0;0;30;3;0;0;30;8;0;0;0;0
1;1;;0;0;0;0;9;8;42;0;0;0;0;200;17;1;0;0;0;0;0;0;0;0;0;0;0;16;4;0;0;16;2;0;0;0;0
1;0;;0;0;0;0;1;4;28;0;0;0;0;117;6;0;0;0;0;0;0;0;0;0;0;0;0;8;1;0;0;8;7;0;0;0;0
1;0;;1;0;0;0;33;29;213;1;0;0;0;1058;89;2;0;0;0;1;0;2;0;0;1;0;0;91;11;0;2;91;32;0;0;0;0
1;0;;0;0;0;0;1;5;23;0;0;0;0;109;6;1;0;0;0;0;0;0;0;0;0;0;0;8;2;0;0;8;3;0;0;0;0
1;1;;1;0;0;0;22;33;229;1;0;0;0;934;71;3;0;0;0;0;0;5;0;0;0;0;0;81;15;0;1;81;23;0;0;0;0
1;1;;0;0;0;0;16;10;98;1;0;0;0;780;25;5;0;0;0;0;0;1;0;0;0;0;0;30;15;0;1;30;12;0;0;0;0
0;1;;0;0;0;0;9;7;76;0;0;0;0;350;25;1;0;0;0;0;0;3;0;0;0;0;0;29;5;0;1;29;4;0;0;0;0
1;1;;0;0;0;0;7;25;190;1;0;0;0;1034;49;2;0;0;0;0;0;4;0;4;0;0;0;55;11;0;1;55;24;0;0;0;0
0;0;;0;0;0;0;1;8;23;0;0;0;0;125;6;0;0;0;0;0;0;1;0;0;0;0;0;8;2;0;0;8;4;0;0;0;0
0;1;;0;0;0;0;0;3;12;0;0;0;0;85;2;1;0;0;0;0;0;0;0;0;0;0;0;3;0;0;0;3;0;0;0;0;0
1;0;;0;0;0;0;2;7;58;0;0;0;0;280;20;0;0;0;0;0;0;0;0;0;0;0;0;30;7;0;0;30;7;0;0;0;0
1;1;;0;0;0;0;2;5;15;0;0;0;0;95;5;0;0;0;0;0;0;0;0;0;0;0;0;5;0;0;0;5;2;0;0;0;0
0;0;;0;0;0;0;6;10;94;0;0;0;0;332;21;0;0;0;0;0;0;2;0;0;0;0;0;30;6;0;0;30;9;0;0;0;0
1;1;;0;0;0;0;2;4;19;0;0;0;0;108;8;1;0;0;0;0;0;0;0;0;0;0;0;9;1;0;0;9;1;0;0;0;0
1;0;;0;0;0;0;7;19;212;3;0;0;0;1100;64;13;0;0;0;0;0;1;0;0;0;0;0;101;25;0;2;101;18;0;0;0;0
1;1;;0;0;0;0;4;6;48;0;0;0;1;269;17;2;0;0;0;0;0;0;0;0;0;0;0;18;5;0;0;18;11;0;0;0;0
0;1;;0;0;0;0;11;6;32;0;0;0;0;149;13;3;0;0;0;0;0;1;0;0;0;0;0;9;2;0;0;9;3;0;0;0;0
1;1;;0;0;0;1;7;22;159;2;0;0;0;762;60;10;0;0;0;0;0;1;0;0;0;0;0;79;10;0;0;79;18;0;0;0;0
1;0;;0;0;0;0;4;7;68;1;0;0;0;291;17;1;0;0;0;0;0;2;0;0;0;0;0;23;4;0;2;23;9;0;0;0;0
0;0;;0;0;0;0;0;3;9;0;0;0;0;74;3;1;0;0;0;0;0;0;0;0;0;0;0;3;0;0;0;3;0;0;0;0;0
1;0;;0;0;0;0;1;1;12;0;0;0;0;54;7;1;0;0;0;0;0;0;0;0;0;0;0;9;0;0;0;9;0;0;0;0;0
1;0;;0;0;0;0;7;7;45;0;0;0;0;203;17;1;0;0;0;1;0;0;0;0;1;0;0;26;1;0;1;26;3;0;0;0;0
1;1;;0;0;0;0;0;2;9;0;0;0;0;81;5;2;0;0;0;0;0;0;0;0;0;0;0;6;0;0;0;6;1;0;0;0;0
1;0;;0;0;0;0;1;2;9;0;0;0;0;65;3;1;0;0;0;0;0;0;0;0;0;0;0;3;0;0;0;3;1;0;0;0;0
1;0;;1;0;0;0;22;24;173;0;0;0;0;989;42;6;0;0;0;0;0;1;0;0;1;0;0;57;13;0;0;57;19;0;0;0;0
1;1;;0;0;0;0;2;7;37;0;0;0;0;185;7;0;0;0;0;0;0;0;0;0;0;0;0;11;2;0;0;11;3;0;0;0;0
1;0;;0;0;0;0;22;31;207;0;0;0;0;1128;41;3;0;0;0;0;0;6;0;0;0;0;0;52;10;0;0;52;20;0;0;0;0
1;0;;0;0;0;0;5;6;65;0;0;0;0;267;20;3;0;0;0;0;0;3;0;0;0;0;0;23;3;0;0;23;4;0;0;0;0
1;0;;0;0;0;0;0;3;13;0;0;0;0;85;4;0;0;0;0;0;0;0;0;0;0;0;0;6;0;0;0;6;1;0;0;0;0
1;1;;0;0;0;0;26;29;137;1;0;0;0;771;40;6;0;0;0;0;0;0;0;0;0;0;0;46;9;0;1;46;21;0;0;0;0
0;1;;0;0;0;0;1;5;31;0;0;0;0;125;12;0;0;0;0;0;0;0;0;0;0;0;0;12;2;0;0;12;2;0;0;0;0
1;0;;0;0;0;0;18;28;198;0;0;0;0;1090;86;4;0;0;0;0;0;3;0;0;0;0;0;84;15;0;0;84;26;0;0;0;0
1;0;;0;0;0;0;3;8;82;0;0;0;0;372;27;2;0;0;0;0;0;2;0;0;0;0;0;32;4;0;0;32;13;0;0;0;0
1;0;;0;0;0;0;0;1;12;0;0;0;0;69;6;1;0;0;0;0;0;1;0;0;0;0;0;5;1;0;0;5;3;0;0;0;0
1;1;;0;0;0;0;7;13;55;0;0;0;0;247;13;1;0;0;0;0;0;0;0;0;0;0;0;25;4;0;0;25;4;0;0;0;0
1;0;;0;0;0;0;5;7;63;0;0;0;0;272;14;1;0;0;0;0;0;2;0;1;0;0;0;18;4;0;0;18;9;0;0;0;0
1;1;;0;0;0;0;2;5;13;0;0;0;0;96;6;0;0;0;0;0;0;1;0;0;0;0;0;8;1;0;0;8;1;0;0;0;0
1;0;;0;0;0;0;2;11;57;0;0;0;0;219;13;1;0;0;0;0;0;1;0;0;0;0;0;21;1;0;0;21;3;0;0;0;0
1;0;;0;0;0;0;2;7;81;0;0;0;0;328;25;0;0;0;0;0;0;1;0;0;0;0;0;27;7;0;0;27;13;0;0;0;0
1;1;;0;0;0;0;0;2;14;0;0;0;0;91;8;0;0;0;0;0;0;0;0;0;0;0;0;7;1;0;0;7;3;0;0;0;0
0;0;;0;0;0;0;1;3;21;0;0;0;0;104;6;0;0;0;0;0;0;0;0;0;0;0;0;8;0;0;0;8;1;0;0;0;0
1;0;;0;0;0;0;0;2;23;0;0;0;0;94;9;0;0;0;0;0;0;0;0;0;0;0;0;12;0;0;0;12;2;0;0;0;0
1;0;;0;0;0;0;1;7;40;0;0;0;0;151;9;1;0;0;0;0;0;0;0;0;0;0;0;14;1;0;0;14;5;0;0;0;0
1;0;;0;0;0;0;18;19;131;0;0;0;0;761;33;2;0;0;0;0;0;2;0;0;0;0;0;41;12;0;0;41;25;0;0;0;0
1;0;;0;0;0;0;24;25;187;1;0;0;0;999;44;2;0;0;0;0;0;1;0;0;0;0;0;69;7;0;0;69;11;0;0;0;0
1;1;;0;0;0;0;2;5;28;0;0;0;0;139;11;0;0;0;0;0;0;3;0;0;0;0;0;12;1;0;0;12;4;0;0;0;0
1;0;;0;0;0;0;7;3;34;0;0;0;0;142;12;1;0;0;0;0;0;0;0;0;0;0;0;13;2;0;0;13;5;0;0;0;0
1;0;;0;0;0;0;6;12;104;3;0;0;0;636;41;7;0;0;0;0;0;2;0;0;0;0;0;51;8;0;0;51;15;0;0;0;0
1;0;;0;0;0;0;31;37;252;3;0;0;1;1034;61;13;0;0;0;0;0;1;0;0;0;0;0;81;16;0;2;81;25;0;0;0;0
1;1;;0;0;0;0;7;13;138;3;0;0;0;705;44;0;0;0;0;0;0;2;0;0;0;0;0;61;13;0;2;61;27;0;0;0;0
1;0;;0;0;0;0;4;9;84;0;0;0;0;360;29;2;0;0;0;0;0;0;0;0;0;0;0;27;3;0;0;27;7;0;0;0;0
1;0;;0;0;0;0;2;7;45;0;0;0;0;128;15;0;0;0;0;0;0;0;0;0;0;0;0;18;2;0;0;18;7;0;0;0;0
1;0;;0;0;0;0;13;15;116;0;0;0;0;578;35;3;0;0;0;0;0;3;0;0;0;0;0;38;8;0;0;38;17;0;0;0;0
1;0;;0;0;0;0;0;2;16;0;0;0;0;63;9;0;0;0;0;0;0;0;0;0;0;0;0;9;0;0;0;9;1;0;0;0;0
1;0;;0;0;0;0;12;14;121;0;0;0;0;669;55;4;0;0;0;0;0;4;0;0;0;0;0;58;13;0;0;58;25;0;0;0;0
1;0;;0;0;0;0;1;1;13;0;0;0;0;68;4;1;0;0;0;0;0;0;0;0;0;0;0;4;0;0;0;4;0;0;0;0;0
1;0;;0;0;0;0;1;1;8;0;0;0;0;63;4;1;0;0;0;0;0;0;0;0;0;0;0;4;0;0;0;4;0;0;0;0;0
0;1;;0;0;0;0;1;9;44;0;0;0;0;202;11;1;0;0;0;0;0;0;0;0;0;0;0;13;0;0;0;13;4;0;0;0;0
1;1;;1;0;0;0;4;10;89;1;0;0;0;377;28;0;0;0;0;0;0;1;0;0;0;0;0;34;10;0;1;34;10;0;0;0;0
1;1;;0;0;0;0;0;3;16;0;0;0;0;108;3;1;0;0;0;0;0;0;0;0;0;0;0;5;1;0;0;4;5;0;0;0;0
1;1;;0;0;0;0;4;6;39;1;0;0;0;182;18;1;0;0;0;0;0;0;0;0;0;0;0;21;3;0;0;21;4;0;0;0;0
1;0;;0;0;0;0;9;30;105;2;0;0;0;673;30;1;0;0;0;0;0;1;0;0;0;0;0;34;3;0;2;34;17;0;0;0;0
0;1;;0;0;0;0;4;3;23;0;0;0;0;76;9;0;0;0;0;0;0;0;0;0;0;0;0;8;0;0;0;8;1;0;0;0;0
1;1;;0;0;0;0;5;3;60;0;0;0;0;418;15;1;0;0;0;0;0;0;0;0;0;0;0;19;4;0;0;19;8;0;0;0;0
0;0;;0;0;0;0;20;12;78;2;0;0;0;570;21;4;0;0;0;0;0;0;0;0;0;0;0;29;2;0;1;29;6;0;0;0;0
1;0;;0;0;0;0;1;5;49;0;0;0;0;184;11;0;0;0;0;0;0;0;0;0;0;0;0;13;3;0;0;13;10;0;0;0;0
1;0;;0;0;0;0;1;5;14;0;0;0;0;102;6;1;0;0;0;0;0;0;0;0;0;0;0;7;0;0;0;7;1;0;0;0;0
0;1;;0;0;0;0;3;3;24;0;0;0;0;102;5;1;0;0;0;0;0;3;0;0;0;0;0;8;0;0;0;8;1;0;0;0;0
1;1;;0;0;0;0;2;4;28;0;0;0;0;146;12;0;0;0;0;0;0;0;0;0;0;0;0;13;0;0;0;13;2;0;0;0;0
1;0;;0;0;0;0;5;9;60;0;0;0;0;368;8;7;0;0;0;0;0;0;0;0;0;0;0;19;2;0;1;19;11;0;0;0;0
1;0;;0;0;0;0;13;13;149;0;0;0;0;724;42;7;0;0;0;0;0;2;0;0;1;0;0;58;10;0;1;58;14;0;0;0;0
1;0;;0;0;0;0;8;16;119;1;0;0;0;598;22;3;0;0;0;0;0;1;0;0;0;0;0;34;10;0;0;34;10;0;0;0;0
1;1;;0;0;0;0;9;18;107;0;0;0;0;466;36;0;0;0;0;0;0;3;0;0;0;0;0;43;3;0;0;43;17;0;0;0;0
0;0;;0;0;0;0;18;56;265;1;0;0;0;1403;79;8;0;0;0;0;0;5;0;0;1;0;0;101;12;0;0;101;30;0;0;0;0
0;1;;0;0;0;0;2;7;60;0;0;0;0;303;15;2;0;0;0;0;0;0;0;0;0;0;0;20;3;0;1;20;4;0;0;0;0
0;0;;0;0;0;0;1;4;21;0;0;0;0;97;10;0;0;0;0;0;0;0;0;0;0;0;0;8;0;0;0;8;2;0;0;0;0
1;1;;0;0;0;0;2;3;36;0;0;0;0;156;8;0;0;0;0;0;0;0;0;0;0;0;0;10;5;0;0;10;1;0;0;0;0
1;0;;0;0;0;0;0;5;32;0;0;0;0;175;10;2;0;0;0;0;0;0;0;0;0;0;0;11;1;0;0;11;1;0;0;0;0
1;0;;0;0;0;0;0;5;25;0;0;0;0;129;5;0;0;0;0;0;0;1;0;1;0;0;0;8;2;0;0;8;2;0;0;0;0
1;1;;0;0;0;0;0;7;25;0;0;0;0;163;8;1;0;0;0;0;0;0;0;0;0;0;0;11;0;0;0;11;1;0;0;0;0
1;0;;0;0;0;0;19;7;127;1;0;0;0;540;41;3;0;0;0;0;0;5;2;0;0;0;0;51;12;0;1;51;12;0;0;0;0
1;1;;0;0;0;0;3;13;69;0;0;0;0;389;12;5;0;0;0;0;0;1;0;0;1;0;0;16;6;0;1;16;5;0;0;0;0
0;1;;0;0;0;0;0;4;16;0;0;0;0;83;2;1;0;0;0;0;0;0;0;0;0;0;0;4;0;0;0;4;0;0;0;0;0
1;0;;1;0;0;0;30;14;96;0;0;0;0;517;29;1;0;0;0;0;0;0;0;0;0;0;0;30;4;0;1;30;8;0;0;0;0
1;0;;0;0;0;0;1;3;23;0;0;0;0;102;6;0;0;0;0;0;0;0;0;0;0;0;0;6;1;0;0;6;3;0;0;0;0
1;0;;0;0;0;0;12;15;79;2;0;0;0;451;33;2;0;0;0;0;0;1;0;0;0;0;0;36;9;0;0;36;11;0;0;0;0
1;0;;0;0;0;0;7;6;59;1;0;0;0;349;19;1;0;0;0;0;0;0;0;0;0;0;0;28;0;0;0;28;3;0;0;0;0
1;1;;0;0;0;0;4;3;36;0;0;0;0;138;6;0;0;0;0;0;0;0;0;0;0;0;0;9;0;0;0;9;1;0;0;0;0
1;0;;0;0;0;0;1;1;9;0;0;0;0;55;4;0;0;0;0;0;0;0;0;0;0;0;0;3;0;0;0;3;1;0;0;0;0
1;0;;0;0;0;0;28;51;260;3;0;0;0;1517;74;11;0;0;0;0;0;4;0;1;0;0;0;103;22;0;1;103;37;0;0;0;0
1;0;;0;0;0;0;1;3;22;0;0;0;0;110;5;0;0;0;0;0;0;0;0;0;0;0;0;7;1;0;0;7;1;0;0;0;0
1;0;;0;0;0;0;14;30;194;1;0;0;0;923;47;3;0;0;0;0;0;1;0;0;1;0;0;75;24;0;3;75;15;0;0;0;0
1;1;;0;0;0;0;2;7;71;0;0;0;0;271;17;0;0;0;0;0;0;2;0;0;0;0;0;16;6;0;0;16;7;0;0;0;0
1;0;;0;0;0;0;13;15;101;1;0;0;0;495;42;4;0;0;0;0;0;6;0;0;0;0;0;46;5;0;1;46;16;0;0;0;0
1;0;;0;0;0;0;20;33;169;1;0;0;0;1028;39;3;0;0;0;0;0;1;0;0;0;0;0;47;13;0;1;47;21;0;0;0;0
0;1;;0;0;0;0;0;3;22;0;0;0;0;99;4;0;0;0;0;0;0;0;0;0;0;0;0;7;0;1;0;7;1;0;0;0;0
0;1;;0;0;0;0;6;5;65;0;0;0;0;287;22;0;0;0;0;0;0;0;0;0;0;0;0;26;4;0;1;26;6;0;0;0;0
0;1;;0;0;0;0;7;15;133;0;0;0;0;748;39;6;0;0;0;1;0;4;0;0;1;0;0;48;5;0;0;48;9;0;0;0;0
1;1;;0;0;0;0;3;5;77;0;0;0;0;338;26;2;0;0;0;0;0;1;0;0;0;0;0;36;5;0;1;36;3;0;0;0;0
1;1;;0;0;0;0;2;9;59;2;0;0;0;337;19;3;0;0;0;0;0;2;0;0;0;0;0;22;6;0;0;22;11;0;0;0;0
1;0;;0;0;0;0;6;15;93;0;0;0;0;381;30;3;0;0;0;0;0;1;0;1;0;0;0;33;6;0;1;33;9;0;0;0;0
1;0;;0;0;0;0;4;14;94;0;0;0;0;341;21;4;0;0;0;0;0;0;0;0;0;0;0;29;7;0;0;29;13;0;0;0;0
1;1;;0;0;0;0;12;40;160;0;0;0;0;912;47;5;0;0;0;2;0;6;0;0;2;0;0;63;10;0;3;63;13;0;0;0;0
1;1;;0;0;0;0;5;1;9;0;0;0;0;70;5;1;0;0;0;0;0;0;0;0;0;0;0;5;0;0;0;5;1;0;0;0;0
1;1;;1;0;0;0;4;12;50;0;0;0;0;258;16;8;0;0;0;0;0;1;0;0;0;0;0;23;2;0;0;23;5;0;0;0;0
1;1;;0;0;0;0;1;3;37;0;0;0;0;142;6;0;0;0;0;0;0;0;0;0;0;0;0;9;0;0;0;9;1;0;0;0;0
1;1;;0;0;0;0;2;1;13;0;0;0;0;67;3;0;0;0;0;0;0;0;0;0;0;0;0;3;0;0;0;2;3;0;0;0;0
1;0;;0;0;0;0;16;11;66;0;0;0;0;393;19;1;0;0;0;0;0;0;0;0;0;0;0;24;2;0;0;24;4;0;0;0;0
1;1;;0;0;0;0;25;31;197;0;0;0;0;1052;52;6;0;0;0;0;0;1;0;0;0;0;0;65;11;0;4;65;27;0;0;0;0
1;1;;0;0;0;0;15;36;225;3;0;0;0;1620;69;7;0;0;0;0;0;3;0;2;2;0;0;92;17;0;3;92;49;0;0;0;0
1;0;;0;0;0;0;4;9;49;0;0;0;0;175;18;0;0;0;0;0;0;2;0;0;0;0;0;20;4;0;0;20;5;0;0;0;0
1;1;;0;0;0;0;20;29;167;0;0;0;0;1308;38;7;0;0;0;0;0;3;0;0;0;0;0;53;15;0;0;53;27;0;0;0;0
1;0;;0;0;0;0;17;4;37;0;0;0;0;176;15;0;0;0;0;0;0;0;0;0;0;0;0;16;0;0;0;16;2;0;0;0;0
1;0;;0;0;0;0;6;8;64;0;0;0;0;245;15;0;0;0;0;0;0;2;0;0;0;0;0;21;2;0;0;21;6;0;0;0;0
0;1;;0;0;0;0;4;10;57;0;0;0;0;233;13;1;0;0;0;0;0;1;0;0;0;0;0;17;2;0;1;17;4;0;0;0;0
1;0;;0;0;0;0;3;1;13;0;0;0;0;90;2;0;0;0;0;0;0;0;0;0;0;0;0;3;1;0;0;3;0;0;0;0;0
1;0;;0;0;0;0;8;16;99;0;0;0;0;510;25;2;0;0;0;0;0;0;0;0;0;0;0;37;11;0;0;37;11;0;0;0;0
1;0;;0;0;0;0;8;11;98;0;0;0;0;555;41;2;0;0;0;0;0;1;0;0;0;0;0;47;1;0;0;47;14;0;0;0;0
1;0;;0;0;0;0;4;7;34;0;0;0;0;176;14;0;0;0;0;0;0;0;0;0;0;0;0;14;3;0;0;14;2;0;0;0;0
1;0;;0;0;0;0;11;4;39;0;0;0;0;232;13;0;0;0;0;0;0;2;0;1;0;0;0;14;6;0;0;14;2;0;0;0;0
1;0;;0;0;0;0;12;9;109;0;0;0;0;578;31;5;0;0;0;0;0;1;0;0;0;0;0;44;11;0;1;44;11;0;0;0;0
1;1;;0;0;0;0;1;2;13;0;0;0;0;72;4;1;0;0;0;0;0;0;0;0;0;0;0;5;0;0;0;5;0;0;0;0;0
1;1;;0;0;0;0;0;5;25;0;0;0;0;169;6;2;0;0;0;0;0;0;0;0;0;0;0;9;1;0;0;9;1;0;0;0;0
1;1;;0;0;0;0;15;12;113;0;0;0;0;534;27;0;0;0;0;0;0;0;0;0;0;0;0;35;9;0;1;35;8;0;0;0;0
1;0;;0;0;0;0;1;4;27;0;0;0;0;133;4;0;0;0;0;0;0;0;0;0;0;0;0;7;2;0;0;7;3;0;0;0;0
1;0;;0;0;0;0;3;9;46;0;0;0;0;240;9;0;0;0;0;0;0;1;0;0;0;0;0;20;2;0;0;20;1;0;0;0;0
1;1;;0;0;0;0;2;4;35;0;0;0;0;206;10;1;0;0;0;0;0;1;0;0;0;0;0;15;2;0;1;15;3;0;0;0;0
1;1;;0;0;0;0;6;5;70;1;0;0;0;319;23;1;0;0;0;0;0;0;0;0;0;0;0;38;3;0;0;38;6;0;0;0;0
0;1;;0;0;0;0;1;5;28;0;0;0;0;141;7;2;0;0;0;0;0;0;0;0;0;0;0;9;1;0;0;9;5;0;0;0;0
1;0;;0;0;0;0;2;2;17;1;0;0;0;103;5;2;0;0;0;0;0;0;0;0;0;0;0;5;0;0;0;5;1;0;0;0;0
1;0;;0;0;0;0;4;7;71;0;0;0;0;266;19;0;0;0;0;0;0;1;0;0;0;0;0;25;2;0;0;25;4;0;0;0;0
1;0;;0;0;0;0;1;2;25;0;0;0;0;96;6;0;0;0;0;0;0;2;0;0;0;0;0;8;1;0;0;6;8;0;0;0;0
1;0;;0;0;0;0;7;17;95;0;0;0;0;420;34;2;0;0;0;0;0;1;0;0;1;0;0;36;7;0;0;36;10;0;0;0;0
1;0;;0;0;0;0;1;5;33;0;0;0;0;126;18;1;0;0;0;0;0;2;0;0;0;0;0;16;1;0;0;16;4;0;0;0;0
0;1;;0;0;0;0;1;5;32;0;0;0;0;161;12;1;0;0;0;0;0;0;0;0;0;0;0;14;2;0;1;14;3;0;0;0;0
1;0;;0;0;0;0;2;2;12;0;0;0;0;74;5;1;0;0;0;0;0;1;0;0;0;0;0;4;1;0;0;4;1;0;0;0;0
1;1;;0;0;0;0;4;13;128;1;0;0;0;594;48;3;0;0;0;0;0;1;0;0;1;0;0;48;4;0;1;48;16;0;0;0;0
1;0;;0;0;0;0;20;16;113;1;0;0;0;613;20;4;0;0;0;0;0;4;0;0;0;0;0;27;1;0;0;27;11;0;0;0;0
0;0;;0;0;0;0;3;5;68;0;0;0;0;235;18;1;0;0;0;0;0;1;0;0;0;0;0;24;7;0;0;24;3;0;0;0;0
1;1;;0;0;0;0;11;9;90;0;0;0;0;625;19;7;0;0;0;0;0;2;0;0;0;0;0;20;6;0;1;20;11;0;0;0;0
1;1;;0;0;0;0;4;1;17;0;0;0;0;106;4;1;0;0;0;0;0;0;0;0;0;0;0;5;3;0;0;5;0;0;0;0;0
1;1;;0;0;0;0;3;2;15;0;0;0;0;111;4;1;0;0;0;0;0;0;0;0;0;0;0;6;1;0;0;6;0;0;0;0;0
0;1;;0;0;0;0;2;19;121;0;0;0;0;480;35;4;0;0;0;0;0;3;0;0;0;0;0;49;4;0;1;49;8;0;0;0;0
1;1;;0;0;0;0;0;2;15;0;0;0;0;84;9;0;0;0;0;0;0;1;0;0;0;0;0;10;0;0;0;10;3;0;0;0;0
1;0;;1;0;0;0;10;26;128;0;0;0;0;663;37;2;0;0;0;0;0;2;0;0;0;0;0;47;7;0;2;47;10;0;0;0;0
1;1;;0;0;0;0;2;1;18;0;0;0;0;91;5;0;0;0;0;0;0;1;0;0;0;0;0;5;3;0;0;5;2;0;0;0;0
0;0;;0;0;0;0;0;3;14;0;0;0;0;100;4;2;0;0;0;0;0;0;0;0;0;0;0;3;1;0;0;3;1;0;0;0;0
0;0;;0;0;0;0;1;6;29;0;0;0;1;140;7;2;0;0;0;0;0;1;0;0;0;0;0;9;2;0;0;9;3;0;0;0;0
0;0;;0;0;0;0;5;22;110;1;0;0;0;553;34;2;0;0;0;0;0;3;0;0;0;0;0;42;8;0;3;42;8;0;0;0;0
0;0;;0;0;0;0;14;12;156;0;0;0;0;513;56;1;0;0;0;0;0;3;0;0;0;0;0;59;8;0;0;59;18;0;0;0;0
1;1;;0;0;0;0;3;5;57;0;0;0;0;343;11;3;0;0;0;0;0;1;0;0;0;0;0;27;4;0;1;27;2;0;0;0;0
0;1;;0;0;0;0;2;7;21;0;0;0;0;113;7;0;0;0;0;0;0;0;0;0;0;0;0;7;0;0;0;7;1;0;0;0;0
1;1;;0;0;0;0;0;2;11;0;0;0;0;67;4;0;0;0;0;0;0;0;0;0;0;0;0;4;0;0;0;4;1;0;0;0;0
1;0;;0;0;0;0;1;5;23;0;0;0;0;94;12;2;0;0;0;0;0;0;0;0;0;0;0;15;0;0;0;15;1;0;0;0;0
1;1;;0;0;0;0;1;2;15;0;0;0;0;110;5;2;0;0;0;0;0;0;0;0;0;0;0;5;0;0;0;5;3;0;0;0;0
1;0;;0;0;0;0;1;5;30;0;0;0;0;130;9;1;0;0;0;0;0;0;0;0;0;0;0;11;0;0;0;11;0;0;0;0;0
1;0;;0;0;0;0;5;7;77;0;0;0;0;353;25;1;0;0;0;0;0;1;0;0;0;0;0;39;9;0;0;39;10;0;0;0;0
0;1;;0;0;0;0;1;5;37;0;0;0;0;149;15;1;0;0;0;0;0;0;0;0;0;0;0;13;3;0;0;13;2;0;0;0;0
0;0;;0;0;0;0;2;3;22;0;0;0;0;106;6;0;0;0;0;0;0;0;0;0;0;0;0;9;0;0;0;9;1;0;0;0;0
1;1;;0;0;0;0;2;15;80;0;0;0;0;428;21;4;0;0;0;0;0;3;0;1;0;0;0;31;5;0;1;31;4;0;0;0;0
1;0;;0;0;0;0;3;6;28;0;0;0;0;198;12;2;0;0;0;0;0;1;0;0;0;0;0;18;1;0;0;18;3;0;0;0;0
1;0;;0;0;0;0;19;21;118;0;0;0;0;585;26;3;0;0;0;0;0;0;0;0;0;0;0;39;7;0;0;39;16;0;0;0;0
1;1;;0;0;0;0;7;18;108;2;0;0;0;571;26;4;0;0;0;0;0;3;0;0;0;0;0;30;12;0;0;30;13;0;0;0;0
1;1;;0;0;0;0;1;3;23;0;0;0;0;112;5;0;0;0;0;0;0;1;0;0;0;0;0;7;2;0;0;7;2;0;0;0;0
1;0;;0;0;0;0;11;21;92;1;0;0;0;479;23;2;0;0;0;0;0;3;0;0;0;0;0;27;5;0;1;27;9;0;0;0;0
0;0;;0;0;0;0;14;20;98;0;0;0;0;366;33;1;0;0;0;0;0;2;0;0;1;0;0;40;4;0;0;40;9;0;0;0;0
1;0;;0;0;0;0;4;7;48;0;0;0;0;222;18;0;0;0;0;0;0;0;0;0;0;0;0;20;2;0;0;20;7;0;0;0;0
1;0;;0;0;0;0;0;4;27;0;0;0;0;91;16;1;0;0;0;0;0;0;0;0;0;0;0;15;3;0;0;15;2;0;0;0;0
1;0;;0;0;0;0;4;2;14;0;0;0;0;82;4;0;0;0;0;0;0;0;0;0;0;0;0;3;1;0;0;3;2;0;0;0;0
1;0;;0;0;0;0;1;5;34;0;0;0;0;134;17;1;0;0;0;0;0;0;0;0;0;0;0;15;0;0;0;15;0;0;0;0;0
1;0;;0;0;0;0;2;6;35;0;0;0;0;144;9;0;0;0;0;0;0;0;0;0;0;0;0;8;0;0;1;8;2;0;0;0;0
1;1;;0;0;0;0;33;41;272;0;0;0;0;1516;66;1;0;0;0;0;0;2;0;0;0;0;0;94;16;0;0;94;29;0;0;0;0
0;1;;0;0;0;0;2;7;45;0;0;0;0;199;11;1;0;0;0;0;0;1;0;0;0;0;0;16;0;0;0;16;4;0;0;0;0
1;1;;0;0;0;0;3;1;14;0;0;0;0;74;2;0;0;0;0;0;0;0;0;0;0;0;0;2;0;0;0;2;2;0;0;0;0
1;0;;0;0;0;0;8;16;111;1;0;0;0;480;26;4;0;0;0;0;0;2;0;0;0;0;0;37;17;0;0;37;9;0;0;0;0
1;0;;0;0;0;0;8;15;135;1;0;0;0;690;32;1;0;0;0;0;0;3;0;0;0;0;0;46;8;0;1;46;12;0;0;0;0
1;1;;0;0;0;0;3;6;44;0;0;0;0;241;20;0;0;0;0;0;0;2;0;0;0;0;0;21;3;0;1;21;3;0;0;0;0
1;1;;0;0;0;0;10;10;64;0;0;0;0;317;15;0;0;0;0;0;0;0;0;0;0;0;0;20;3;0;0;20;4;0;0;0;0
1;0;;0;0;0;0;3;5;12;0;0;0;0;80;3;0;0;0;0;0;0;0;0;0;0;0;0;3;1;2;0;3;0;0;0;0;0
1;0;;0;0;0;0;5;4;23;0;0;0;0;132;9;0;0;0;0;0;0;0;0;0;0;0;0;10;1;0;0;10;2;0;0;0;0
1;1;;0;0;0;0;14;9;139;2;0;0;0;658;34;1;0;0;0;0;0;2;1;0;0;0;0;45;8;0;4;45;26;0;0;0;0
1;1;;0;0;0;0;8;25;89;1;0;0;0;547;23;3;0;0;0;0;0;2;0;0;0;0;0;32;2;0;0;32;9;0;0;0;0
1;0;;0;0;0;0;6;13;74;0;0;0;0;317;19;1;0;0;0;0;0;4;0;1;0;0;0;19;4;0;0;19;11;0;0;0;0
1;1;;0;0;0;0;9;24;162;0;0;0;0;783;47;3;0;0;0;0;0;3;1;0;0;0;0;57;12;0;2;57;17;0;0;0;0
1;0;;0;0;0;0;1;1;13;0;0;0;0;55;7;1;0;0;0;0;0;0;0;0;0;0;0;7;1;0;0;7;0;0;0;0;0
1;0;;0;0;0;0;4;9;78;0;0;0;0;371;22;2;0;0;0;1;0;0;0;0;1;0;0;30;10;0;1;30;7;0;0;0;0
1;1;;0;0;0;0;8;9;84;0;0;0;0;583;18;6;0;0;0;0;0;1;0;0;0;0;0;27;3;0;0;27;9;0;0;0;0
1;1;;0;0;0;0;3;7;58;0;0;0;0;346;18;3;0;0;0;0;0;1;0;0;0;0;0;24;5;0;0;24;5;0;0;0;0
1;1;;0;0;0;0;19;24;130;1;0;0;0;672;42;1;0;0;0;2;0;1;0;0;2;0;0;46;11;0;1;46;18;0;0;0;0
1;0;;0;0;0;0;11;17;111;0;0;0;0;618;25;1;0;0;0;0;0;1;0;0;0;0;0;33;3;0;0;33;12;0;0;0;0
1;1;;0;0;0;0;1;2;12;0;0;0;0;65;1;0;0;0;0;0;0;0;0;0;0;0;0;2;0;0;0;2;0;0;0;0;0
1;1;;0;0;0;0;4;9;85;0;0;0;0;424;16;4;0;0;0;0;0;1;0;0;0;0;0;36;5;0;1;36;5;0;0;0;0
0;0;;0;0;0;0;2;11;98;0;0;0;0;353;25;1;0;0;0;0;0;1;0;0;0;0;0;25;5;0;0;25;7;0;0;0;0
1;0;;0;0;0;0;0;0;7;0;0;0;0;41;5;0;0;0;0;0;0;0;0;0;0;0;0;6;0;0;0;6;0;0;0;0;0
1;1;;1;0;0;0;15;31;116;0;0;0;0;835;27;19;0;0;0;0;0;2;0;0;1;0;0;39;6;0;1;39;14;0;0;0;0
0;1;;0;0;0;0;9;16;130;0;0;0;0;627;38;3;0;0;0;0;0;0;0;0;0;0;0;59;8;0;0;59;7;0;0;0;0
1;1;;0;0;0;0;32;23;108;0;0;0;0;618;34;4;0;0;0;0;0;0;0;0;0;0;0;39;6;0;2;39;18;0;0;0;0
1;1;;0;0;0;0;0;2;14;0;0;0;0;70;5;0;0;0;0;0;0;1;0;0;0;0;0;4;1;0;0;4;2;0;0;0;0
1;0;;0;0;0;0;10;15;139;0;0;0;0;851;41;20;0;0;0;1;0;2;0;0;1;0;0;54;12;0;1;54;12;0;0;0;0
1;1;;0;0;0;0;1;7;54;0;0;0;0;239;16;1;0;0;0;0;0;0;0;0;0;0;0;23;4;0;1;23;5;0;0;0;0
1;0;;0;0;0;0;3;14;79;0;0;0;0;400;35;0;0;0;0;0;0;0;0;0;0;0;0;38;3;0;1;38;11;0;0;0;0
1;0;;0;0;0;0;1;2;15;0;0;0;0;85;8;0;0;0;0;0;0;0;0;0;0;0;0;7;0;0;0;7;1;0;0;0;0
1;0;;0;0;0;0;3;5;20;0;0;0;0;96;7;1;0;0;0;0;0;0;0;0;0;0;0;8;0;0;0;8;4;0;0;0;0
1;0;;0;0;0;0;0;1;9;0;0;0;0;61;4;0;0;0;0;0;0;0;0;0;0;0;0;3;0;0;0;3;1;0;0;0;0
1;1;;0;0;0;0;1;1;14;0;0;0;0;87;5;8;0;0;0;0;0;0;0;0;1;0;0;5;0;0;0;4;5;0;0;0;0
1;0;;0;0;0;0;0;5;28;0;0;0;0;98;12;1;0;0;0;0;0;4;0;0;0;0;0;15;0;0;0;15;1;0;0;0;0
1;0;;0;0;0;0;6;13;77;0;0;0;0;483;24;4;0;0;0;0;0;1;0;0;0;0;0;34;6;0;0;34;4;0;0;0;0
0;0;;0;0;0;0;0;3;18;0;0;0;0;125;7;0;0;0;0;0;0;0;0;0;0;0;0;6;0;0;0;6;0;0;0;0;0
0;0;;0;0;0;0;11;12;91;1;0;0;0;417;16;3;0;0;0;0;0;3;0;0;0;0;0;29;10;0;0;29;8;0;0;0;0
1;1;;0;0;0;0;3;6;57;0;0;0;0;328;16;3;0;0;0;0;0;3;0;0;0;0;0;25;2;0;1;25;3;0;0;0;0
1;1;;0;0;0;0;0;3;10;0;0;0;0;67;2;2;0;0;0;0;0;0;0;0;0;0;0;2;0;0;0;2;2;0;0;0;0
1;0;;0;0;0;0;12;13;80;0;0;0;0;598;23;1;0;0;0;0;0;1;0;0;0;0;0;27;4;0;2;27;10;0;0;0;0
1;0;;0;0;0;0;1;4;15;0;0;0;0;79;6;0;0;0;0;0;0;0;0;0;0;0;0;7;1;0;0;7;0;0;0;0;0
0;1;;0;0;0;0;1;2;8;0;0;0;0;70;3;0;0;0;0;0;0;0;0;0;0;0;0;1;0;0;0;1;1;0;0;0;0
1;1;;0;0;0;0;3;6;36;0;0;0;0;171;9;0;0;0;0;0;0;0;0;0;0;0;0;9;5;0;1;9;2;0;0;0;0
1;1;;0;0;0;0;6;19;160;1;0;0;0;789;44;6;0;0;0;0;0;2;0;0;0;0;0;60;9;0;2;60;22;0;0;0;0
1;0;;0;0;0;0;19;26;162;2;0;0;0;1049;39;6;0;0;0;0;0;2;0;0;0;0;0;46;9;0;0;46;20;0;0;0;0
0;1;;0;0;0;0;0;7;38;0;0;0;0;143;15;0;0;0;0;0;0;4;0;0;0;0;0;13;3;0;0;13;3;0;0;0;0
1;0;;0;0;0;0;1;2;11;0;0;0;0;69;2;0;0;0;0;0;0;0;0;0;0;0;0;4;0;0;0;4;0;0;0;0;0
1;1;;0;0;0;0;2;3;40;0;0;0;0;165;9;0;0;0;0;0;0;0;0;0;0;0;0;10;4;0;0;10;5;0;0;0;0
1;0;;0;0;0;0;0;1;30;0;0;0;0;137;6;3;0;0;0;0;0;0;0;0;0;0;0;9;2;0;0;9;0;0;0;0;0
1;0;;0;0;0;0;2;3;27;0;0;0;0;142;10;4;0;0;0;0;0;1;0;0;0;0;0;12;1;0;0;12;6;0;0;0;0
1;1;;0;0;0;0;1;3;13;0;0;0;0;86;9;0;0;0;0;0;0;0;0;0;0;0;0;10;0;0;0;10;1;0;0;0;0
1;0;;0;0;0;0;2;2;13;0;0;0;0;98;4;0;0;0;0;0;0;0;0;0;0;0;0;5;1;0;0;5;1;0;0;0;0
0;0;;0;0;0;0;3;2;38;0;0;0;0;155;16;0;0;0;0;0;0;0;0;0;0;0;0;22;0;0;0;22;1;0;0;0;0
1;1;;0;0;0;0;19;14;55;0;0;0;0;284;16;0;0;0;0;0;0;0;0;0;0;0;0;19;5;0;1;19;7;0;0;0;0
1;0;;0;0;0;0;0;8;55;1;0;0;0;259;25;0;0;0;0;0;0;2;0;2;0;0;0;27;6;0;0;27;8;0;0;0;0
1;1;;0;0;0;0;2;11;46;0;0;0;0;282;9;3;0;0;0;0;0;0;0;0;0;0;0;16;5;0;0;16;5;0;0;0;0
1;0;;0;0;0;0;8;24;156;0;0;0;0;760;49;2;0;0;0;0;0;6;0;0;0;0;0;60;16;0;1;60;22;0;0;0;1
1;1;;0;0;0;0;1;2;14;0;0;0;0;87;4;0;0;0;0;0;0;0;0;0;0;0;0;4;0;0;0;4;1;0;0;0;0
1;0;;0;0;0;0;2;5;20;0;0;0;0;92;5;0;0;0;0;0;0;0;0;0;0;0;0;7;1;0;0;7;3;0;0;0;0
1;0;;0;0;0;0;13;23;109;0;0;0;0;611;30;4;0;0;0;0;0;3;0;0;0;0;0;34;5;0;1;34;9;0;0;0;0
1;1;;0;0;0;0;8;12;92;0;0;0;0;395;24;3;0;0;0;0;0;1;0;0;0;0;0;28;8;0;3;28;9;0;0;0;0
1;0;;1;0;0;0;9;22;195;2;0;0;0;916;46;4;0;0;0;0;0;2;0;0;0;0;0;52;20;0;0;52;18;0;0;0;0
1;0;;0;0;0;0;6;10;44;0;0;0;0;250;16;2;0;0;0;0;0;1;0;0;0;0;0;19;4;0;1;19;4;0;0;0;0
1;1;;0;0;0;0;34;45;315;2;0;0;0;1910;83;9;0;0;0;2;0;9;0;0;2;0;0;112;18;0;7;112;46;0;0;0;0
1;1;;0;0;0;0;7;9;103;0;0;0;0;531;29;2;0;0;0;0;0;1;0;0;0;0;0;41;6;0;0;41;14;0;0;0;0
1;0;;0;0;0;0;4;4;30;0;0;0;0;148;13;0;0;0;0;0;0;0;0;0;0;0;0;11;3;0;0;11;1;0;0;0;0
1;0;;0;0;0;0;1;3;18;0;0;0;0;129;1;0;0;0;0;0;0;0;0;0;0;0;0;5;0;0;0;5;2;0;0;0;0
1;0;;0;0;0;0;6;8;89;0;0;0;0;364;25;2;0;0;0;0;0;1;0;0;0;0;0;38;3;0;2;38;13;0;0;0;0
1;1;;0;0;0;0;10;26;188;1;0;0;1;1019;80;9;0;0;0;0;0;1;0;0;1;0;0;88;10;0;2;88;20;0;0;0;0
0;0;;0;0;0;0;17;23;228;0;0;0;0;1064;73;1;0;0;0;0;0;3;0;1;0;0;0;106;12;0;0;106;24;0;0;0;0
1;0;;0;0;0;0;0;2;9;0;0;0;0;62;5;0;0;0;0;0;0;0;0;0;0;0;0;5;0;0;0;5;1;0;0;0;0
1;0;;0;0;0;0;41;41;304;1;0;0;0;1610;96;15;0;0;0;1;0;7;0;0;1;0;0;113;16;0;1;113;52;0;0;0;0
1;0;;0;0;0;0;8;13;74;0;0;0;0;297;23;3;0;0;0;0;0;1;0;0;0;0;0;30;6;0;1;30;4;0;0;0;0
1;1;;0;0;0;0;1;6;64;0;0;0;0;265;16;0;0;0;0;0;0;1;0;0;0;0;0;28;4;0;0;28;5;0;0;0;0
1;0;;0;0;0;0;2;9;47;0;0;0;0;272;17;3;0;0;0;1;0;0;0;0;1;0;0;21;1;0;0;21;5;0;0;0;0
0;1;;0;0;0;0;3;6;53;0;0;0;0;214;14;0;0;0;0;0;0;1;0;0;0;0;0;18;4;0;0;18;5;0;0;0;0
0;1;;0;0;0;0;0;7;51;0;0;0;0;222;18;0;0;0;0;0;0;1;0;0;0;0;0;21;5;0;0;21;2;0;0;0;0
0;1;;0;0;0;0;1;1;32;0;0;0;0;119;8;0;0;0;0;0;0;1;0;0;1;0;0;8;2;0;1;8;1;0;0;0;0
0;1;;0;0;0;0;3;14;60;0;0;0;0;373;16;1;0;0;0;0;0;1;0;0;0;0;0;20;5;0;0;20;6;0;0;0;0
0;1;;0;0;0;0;2;2;30;0;0;0;0;116;8;0;0;0;0;0;0;0;0;0;0;0;0;9;3;0;0;9;2;0;0;0;0
0;1;;0;0;0;0;0;3;28;0;0;0;0;122;13;0;0;0;0;0;0;0;0;0;0;0;0;14;1;0;0;14;2;0;0;0;0
0;1;;0;0;0;0;7;10;61;0;0;0;0;311;20;1;0;0;0;0;0;0;0;0;0;0;0;25;4;0;1;25;6;0;0;0;0
0;1;;0;0;0;0;1;6;52;0;0;0;0;234;12;0;0;0;0;0;0;0;0;0;0;0;0;16;4;0;0;16;4;0;0;0;0
1;0;;0;0;0;0;16;34;236;0;0;0;0;1099;67;16;0;0;0;0;0;6;0;0;0;0;0;86;13;0;1;86;24;0;1;0;0
0;1;;0;0;0;0;5;9;59;0;0;0;0;264;16;2;0;0;0;0;0;0;0;0;0;0;0;19;2;0;1;19;6;0;0;0;0
0;0;;0;0;0;0;13;7;73;0;0;0;0;407;23;3;0;0;0;0;0;1;0;0;0;0;0;34;1;0;0;34;6;0;0;0;0
0;1;;0;0;0;0;1;5;53;0;0;0;0;200;19;2;0;0;0;0;0;0;0;0;0;0;0;24;3;0;0;24;6;0;0;0;0
0;1;;0;0;0;0;6;29;144;0;0;0;0;720;48;1;0;0;0;1;0;1;0;0;1;0;0;54;2;0;0;54;17;0;0;0;0
0;0;;0;0;0;0;0;1;24;0;0;0;0;103;4;0;0;0;0;0;0;1;0;0;0;0;0;5;2;0;0;5;3;0;0;0;0
0;1;;0;0;0;0;0;4;42;0;0;0;0;156;8;0;0;0;0;0;0;0;0;0;0;0;0;10;2;0;0;10;5;0;0;0;0
0;1;;0;0;0;0;2;13;84;0;0;0;0;339;38;1;0;0;0;0;0;0;0;0;0;0;0;44;4;0;0;44;12;0;0;0;0
0;1;;0;0;0;0;16;1;26;0;0;0;0;130;6;0;0;0;0;0;0;0;0;0;0;0;0;6;2;0;0;6;1;0;0;0;0
0;1;;0;0;0;0;0;3;51;0;0;0;0;165;9;0;0;0;0;0;0;2;0;0;0;0;0;10;7;0;1;10;5;0;0;0;0
0;1;;0;0;0;0;5;13;67;0;0;0;0;336;27;3;0;0;0;0;0;0;0;0;0;0;0;31;4;0;1;31;10;0;0;0;0
1;1;;0;0;0;0;1;0;6;0;0;0;0;55;2;1;0;0;0;0;0;0;0;0;0;0;0;2;0;0;0;2;0;0;0;0;0
0;1;;0;0;0;0;2;6;61;0;0;0;0;239;18;2;0;0;0;0;0;0;0;0;0;0;0;19;4;0;0;19;8;0;0;0;0
0;1;;1;0;0;0;8;7;88;0;0;0;0;404;32;2;0;0;0;0;0;2;1;0;0;0;0;39;3;0;2;39;13;0;0;0;0
1;1;;0;0;0;0;6;5;60;0;0;0;0;282;14;1;0;0;0;0;0;0;0;0;0;0;0;20;4;0;0;20;4;0;0;0;0
1;0;;0;0;0;0;0;1;13;0;0;0;0;87;6;1;0;0;0;0;0;0;0;0;0;0;0;7;0;0;0;7;1;0;0;0;0
1;0;;0;0;0;0;4;11;64;0;0;0;0;284;12;0;0;0;0;0;0;2;0;0;0;0;0;19;3;0;0;19;10;0;0;0;0
1;1;;0;0;0;0;6;17;89;0;0;0;0;503;28;7;0;0;0;0;0;0;0;0;0;0;0;40;3;0;2;40;11;0;0;0;0
1;0;;0;0;0;0;28;19;137;1;0;0;0;702;24;5;0;0;0;1;0;2;0;1;1;0;0;30;5;0;0;30;15;0;0;0;0
1;1;;0;0;0;0;0;3;18;0;0;0;0;74;6;1;0;0;0;0;0;0;0;0;0;0;0;6;0;0;0;6;5;0;0;0;0
1;1;;0;0;0;0;1;2;11;0;0;0;0;66;4;0;0;0;0;0;0;0;0;0;0;0;0;4;0;0;0;4;1;0;0;0;0